"Block"	"Row"	"Column"	"Name"	"ID"	"CDI9059098R_HMN1098196-00001_Young_09222023_0001_A1"	"CDI9059099R_HMN688802-00011_Young_09222023_0002_A1"	"CDI9059100R_HMN742453-00002_Young_09222023_0003_A1"	"CDI9059101R_HMN742467-00002_Young_09222023_0004_A1"	"CDI9059102R_HMN742479-00002_Young_09222023_0005_A1"	"CDI9059103R_HMN763660-00002_Young_09222023_0006_A1"	"CDI9059104R_HMN775050-00002_Young_09222023_0007_A1"	"CDI9059105R_HMN775067-00001_Young_09222023_0008_A1"	"CDI9059106R_HMN791983-00002_Young_09222023_0009_A1"	"CDI9059107R_HMN820800-00002_Young_09222023_0010_A1"	"CDI9059108R_HMN833599-00003_Young_09222023_0011_A1"	"CDI9059109R_HMN870353-00004_Young_09222023_0012_A1"	"CDI9059110R_HMN1096847-00001_Old_09222023_0013_A1"	"CDI9059111R_HMN1096848-00001_Old_09222023_0014_A1"	"CDI9059112R_HMN1096849-00001_Old_09222023_0015_A1"	"CDI9059114R_HMN1096851-00001_Old_09222023_0017_A1"	"CDI9059115R_HMN1096852-00001_Old_09222023_0018_A1"	"CDI9059116R_HMN1096853-00001_Old_09222023_0019_A1"	"CDI9059117R_HMN636469-00027_Old_09222023_0020_A1"	"CDI9059118R_HMN676715-00005_Old_09222023_0021_A1"	"CDI9059119R_HMN774785-00002_Old_09222023_0022_A1"	"CDI9059120R_HMN804630-00001_Old_09222023_0023_A1"	"CDI9059121R_HMN846402-00016_Old_09222023_0024_A1"
1	92	1	"Rhodamine+IgG647"	"Control"	9075.5	10759.5	5235	6765	11980	8718.5	16021.5	14448	6926	13391	13696	14341.5	17263	13235.5	8168	14918	12567	10757	11303	13744	10335.5	12290	9676.5
1	92	2	"Anti-human IgG 1.5625ng/ul"	"Control"	140	203	94.5	120	233	120	318.5	252	131.5	245.5	219.5	272.5	244	241	147.5	229.5	206.5	148.5	184.5	277	238	154	205.5
1	92	3	"IgG488/594"	"Control"	391.5	452	282.5	363	549.5	351.5	531	614.5	353	534	452.5	557.5	522	480.5	305	487	455.5	367.5	547	463	556.5	346	634
1	92	4	"Anti-human IgG 6.25ng/ul"	"Control"	485.5	610.5	366.5	404.5	756.5	418	934	815.5	426	717	747.5	772.5	684	683	369.5	668	585	503	623.5	740	643	565	745
1	92	5	"GST 10ng/ul"	"Control"	41.5	45	43	37	54.5	45.5	113	53.5	45.5	46.5	59	52	57.5	50.5	55.5	55	42.5	48	44	56.5	44.5	51	49.5
1	92	6	"Anti-human IgG 25ng/ul"	"Control"	2055.5	2646	1972.5	1684.5	2936	1869.5	4092	3245.5	1747	2947	3031.5	3346	2959	2867.5	1683.5	2961	2513.5	2455.5	2689	3726	2896	2494.5	2715.5
1	92	7	"GST 50ng/ul"	"Control"	42.5	46.5	42.5	34.5	51	34.5	61	45	51	46	59.5	42.5	57	44.5	47.5	48.5	40.5	42	43	47	46.5	38.5	53.5
1	92	8	"Anti-human IgG 100ng/ul"	"Control"	7058.5	9942.5	6469.5	5708.5	10256.5	6767	12512.5	10863	6460	10094	10331.5	11858	12340	9796.5	6287	10414.5	9068.5	7907	8934.5	12780.5	9659	8235.5	10807.5
1	92	9	"GST 100ng/ul"	"Control"	47.5	49	44.5	38	48	36	71.5	45	55.5	46	53	52	63	45	56	61.5	40.5	51	46.5	58	53	50	47
1	92	10	"hMDM2"	"Control"	228	55	48.5	53.5	87.5	43.5	96	94	140.5	48.5	81	72	195	57.5	92.5	198.5	56	56	279	148.5	154	171	123.5
1	92	11	"GST200n"	"Control"	54.5	59.5	51.5	40.5	64	45	63.5	61.5	63.5	54.5	85.5	54.5	85	51.5	57.5	58	48.5	51.5	64.5	71	67.5	83	63
1	92	12	"RanBP2deltaFG"	"Control"	119.5	143	53.5	244.5	112.5	48.5	394.5	85	112.5	1040.5	687	170	138.5	235.5	59	69	106.5	60	138	81	132.5	77.5	74
1	92	13	"Mouse-anti-biotin"	"Control"	45.5	47.5	39.5	41.5	56	36.5	61	52.5	53.5	51.5	58.5	52	60	43.5	50	47	38	42	40	48.5	44	58.5	44.5
1	92	14	"human IgG 1.5625ng/ul"	"Control"	333.5	463.5	278.5	271	555.5	306	555.5	478.5	351.5	455	524.5	491.5	553	444	320.5	517.5	373	409.5	388.5	602.5	406.5	433.5	416
1	92	15	"Rabbit-anti-biotin"	"Control"	156	141	120.5	94	537	238	308	229	79.5	114.5	127.5	128	143.5	123.5	95.5	133.5	84.5	88	70	92	85.5	100	90.5
1	92	16	"human IgG 6.25ng/ul"	"Control"	1328	1598.5	1087.5	929.5	1976	1179	2091	2050	1059	1710.5	1623	1858.5	1819	1749.5	1073.5	1739	1382.5	1220.5	1479	1848.5	1657	1475.5	1611
1	92	17	"Biotin-BSA"	"Control"	46	52	59.5	40.5	241.5	104.5	214.5	199	64	58	65	53	55	53	46.5	50.5	43.5	46	45	57.5	47.5	45.5	55
1	92	18	"human IgG 25ng/ul"	"Control"	4756	6586.5	4085.5	3567	6568.5	4176.5	8161.5	7020	4041	5793.5	6784.5	6447.5	7710.5	6762.5	4053.5	6839.5	5455	5591	5296.5	6912.5	5790	5752	5461.5
1	92	19	"BSA"	"Control"	52.5	51.5	52	37	56.5	45.5	64.5	49	59.5	62.5	61.5	65	56	51.5	61.5	60	55	50	56	155.5	56.5	45.5	60
1	92	20	"human IgG 100ng/ul"	"Control"	15545	19417	12550.5	10907.5	19152	12295	24365	20748.5	11675.5	21295	19549.5	21094	22996	20608.5	14114.5	21852	15810.5	16939.5	18158.5	19054.5	19633	17159	19662
1	92	21	"Anti-human IgA"	"Control"	85.5	71.5	73.5	66.5	76	51.5	139	72.5	83.5	101	86	81	110	69	66.5	74	66	63.5	63.5	66.5	75.5	62	68
1	92	22	"Human IgM"	"Control"	699.5	864.5	532	497	888	632.5	1138.5	819	622.5	912	869.5	941.5	1053.5	915.5	650	979	775.5	742	861.5	924.5	897.5	848.5	897.5
1	92	23	"Mouse IgM"	"Control"	44.5	47	41	38	45.5	37	73	51	49.5	45	56.5	49	53	45	51.5	48.5	41	46	44.5	51	47	46	44
1	92	24	"Buffer"	"Control"	39.5	40	39	36	44.5	33	44	42.5	52.5	33.5	48	41.5	46	42	48.5	47	35.5	39.5	38.5	40	34.5	39.5	37
1	92	25	"H1"	"Control"	64.5	440.5	120	48	101	51.5	132	65	229	97	159.5	75.5	156	159.5	132.5	84.5	126.5	86	151	167	142	122.5	181.5
1	92	26	"Buffer"	"Control"	36	40.5	34	29.5	41	32.5	46.5	39.5	48	35	43.5	37.5	48.5	41.5	43.5	40	36	36.5	39	46	36	37.5	38.5
1	92	27	"H2(A+B)"	"Control"	47	49.5	69	41	53.5	35.5	85	52.5	113.5	53.5	63.5	55	65	54.5	74	62	53.5	73.5	64	83.5	79.5	65.5	93.5
1	92	28	"Buffer"	"Control"	35.5	32.5	34.5	32	35.5	30.5	46	39.5	44	36.5	42.5	42	41	32	46	36	33	31	34.5	38	39.5	39.5	38.5
1	92	29	"H3"	"Control"	49	46.5	107	41.5	68.5	45.5	155	81	191	55.5	159	86	115.5	94.5	109.5	75.5	91.5	72	129	113.5	147.5	112.5	213.5
1	92	30	"Buffer"	"Control"	38.5	38	32.5	33.5	39.5	30.5	42.5	44	40	31.5	40	43	37	37.5	42	39.5	36.5	31.5	34	39.5	32.5	39	32.5
1	92	31	"H4"	"Control"	69.5	50	103	49.5	72.5	40.5	140.5	638	221.5	84.5	226	99	135.5	129.5	148	99	116	86.5	140.5	180	179	122	215
1	92	32	"ERa"	"Control"	43.5	49	51	47	188.5	39	80.5	47	155	55.5	69	57.5	64	46	51	71	46.5	53.5	95.5	53.5	66.5	49.5	66
2	92	1	"Rhodamine+IgG647"	"Control"	9905	13160	8191.5	5215.5	13395	8387	16345.5	15521.5	7848.5	14193	13649.5	15527	15001.5	15390	7709	15149	10303	11360	11537	15424	11956.5	12848	10965
2	92	2	"Anti-human IgG 1.5625ng/ul"	"Control"	177	218	163	120	285.5	166.5	279.5	235	140.5	211.5	230	248.5	242.5	272	138.5	252	178	169	225	267.5	233	159	228.5
2	92	3	"IgG488/594"	"Control"	437.5	418	334	418	579	381.5	578	455.5	399	494	474	540	570	568	271	587	476	433.5	506	550	528.5	354	479.5
2	92	4	"Anti-human IgG 6.25ng/ul"	"Control"	562	774.5	561	478	1020.5	660.5	1010	936	549.5	743.5	829.5	788.5	974	990	481.5	874	751.5	688	766.5	949	727.5	592	738
2	92	5	"GST 10ng/ul"	"Control"	49	56	50	44	78.5	52	366.5	107.5	75.5	56.5	83	60	72	54	65	82.5	48	67	50	81	48	74.5	53.5
2	92	6	"Anti-human IgG 25ng/ul"	"Control"	2299.5	2992.5	2079	2137.5	2833.5	2335	3949	3093.5	1799.5	2733	2954.5	2881	3639.5	3310.5	1915	3451	2747.5	2849	2668.5	3498	3146.5	2771	3050
2	92	7	"GST 50ng/ul"	"Control"	49	48	46	32	51	45.5	55.5	52	54	42.5	47.5	50.5	57.5	47	47	53	40	41.5	45	53.5	41	49.5	52.5
2	92	8	"Anti-human IgG 100ng/ul"	"Control"	7457	10636.5	7313.5	7056.5	9278	7351.5	12425.5	10793	6999.5	9926.5	11085	11202.5	11252	10653.5	7101	11364.5	9040	8750	9622	11874	10235.5	8074	9150.5
2	92	9	"GST 100ng/ul"	"Control"	49	50	44	41	66.5	51	74.5	52	61.5	49	54.5	49.5	64	52	49.5	58	44.5	44	51	70.5	52	50.5	54
2	92	10	"hMDM2"	"Control"	251.5	53.5	51	55	96.5	40.5	121.5	91	199.5	45	75	68	188.5	79	73	147.5	55	51	284.5	132.5	110	164	140.5
2	92	11	"GST200n"	"Control"	54.5	60	48	44.5	62	40.5	66	54.5	76.5	52.5	67	56.5	66.5	57.5	54.5	67	55	52	76.5	61.5	63	64.5	62
2	92	12	"RanBP2deltaFG"	"Control"	70.5	100	53	233	85	41.5	335.5	78.5	106.5	923.5	641	157	75	210.5	53	62	71.5	50	129.5	63	96.5	58.5	57.5
2	92	13	"Mouse-anti-biotin"	"Control"	45	39	42	40	53	33.5	56	50.5	54.5	47.5	47.5	47.5	64	50	47	46.5	41.5	42	45	49	42	46.5	47
2	92	14	"human IgG 1.5625ng/ul"	"Control"	309	418	334	324.5	524.5	406.5	762.5	568.5	383.5	425.5	559.5	484	579	506	320	497	426.5	434	437	592.5	449.5	431.5	447.5
2	92	15	"Rabbit-anti-biotin"	"Control"	76.5	87.5	64	64	141.5	114.5	147	138	66	85.5	87.5	90.5	96.5	94	70.5	83	69.5	61.5	63	85.5	72	74.5	81.5
2	92	16	"human IgG 6.25ng/ul"	"Control"	1416.5	1523	1261.5	1097	1828	1353.5	2280.5	2013	855.5	1606.5	1842.5	1793	2012	1971	947.5	1754.5	1462.5	1429	1751.5	1810	1654.5	1713.5	1723.5
2	92	17	"Biotin-BSA"	"Control"	45	50	48	38	122.5	70	168	155.5	48.5	53.5	63.5	44	50.5	48.5	52	52.5	47.5	46	43	49.5	47	49	46
2	92	18	"human IgG 25ng/ul"	"Control"	4892	5852	4774	4087.5	6503	4979.5	7888	6926	3255	6552.5	8582	5753.5	7684.5	6776	4212.5	6948	5699.5	5070	6177.5	7366.5	5712.5	6338.5	5905.5
2	92	19	"BSA"	"Control"	49	60	51	40	65.5	41	189.5	127	61.5	63.5	58.5	55.5	55	55	56.5	58	63.5	49	53	59	56.5	47	59
2	92	20	"human IgG 100ng/ul"	"Control"	16710	18944.5	14911	11814	21494	16346	22995.5	22788.5	11747	21407	21131.5	21732	22835.5	20933.5	13831.5	20757	18577	16777	18980	23120.5	18761	18515	19093.5
2	92	21	"Anti-human IgA"	"Control"	79	68	76.5	74.5	69	49	112	64.5	73	85.5	76.5	76.5	92.5	65	53	66.5	62.5	52	63	84	62.5	56.5	59.5
2	92	22	"Human IgM"	"Control"	650	692.5	578	497.5	940.5	650	991.5	814	511.5	765.5	870	816.5	972	977	589	860.5	750.5	667	783.5	996.5	755	836.5	843.5
2	92	23	"Mouse IgM"	"Control"	56	63	50.5	49	57.5	53.5	107.5	60	58	61	71.5	59	72	66	57	63.5	55.5	54.5	57	67	60.5	62.5	58.5
2	92	24	"Buffer"	"Control"	36	35	39.5	32.5	38	33.5	46.5	40.5	46.5	40.5	45.5	39	49	41	44	38	33.5	35	35.5	34.5	36.5	38	32
2	92	25	"H1"	"Control"	77.5	321	92.5	53	101	44	126	69	176.5	83	145.5	87.5	121	112.5	113.5	80.5	83.5	67.5	143	146.5	129	101	168.5
2	92	26	"Buffer"	"Control"	41.5	45	37.5	35.5	43	34.5	42	44	48.5	41	46.5	41	53.5	43	47	34.5	37	41	38	41.5	40.5	44	40
2	92	27	"H2(A+B)"	"Control"	75	73	88.5	53.5	52	50	114.5	77.5	128.5	81	103	71.5	90	78.5	97	70.5	74	85	91	118.5	96.5	102.5	114.5
2	92	28	"Buffer"	"Control"	38.5	33.5	35.5	32	39	30.5	42.5	37.5	48.5	34.5	42.5	40.5	48	39	44.5	38	32.5	40.5	35	40.5	38.5	38	38
2	92	29	"H3"	"Control"	57	51.5	101.5	50.5	76	32.5	127	61.5	176	58.5	131	64.5	88	92	97	72.5	107	74	104.5	132.5	130	107	205
2	92	30	"Buffer"	"Control"	36.5	35	33.5	34	37.5	31	42.5	37	49	37	45.5	35	44	40	43.5	41.5	38	36	35	35.5	37	35	40
2	92	31	"H4"	"Control"	63	61.5	98	44	61.5	36.5	134	581.5	205	69.5	212.5	72.5	131	119	119.5	70.5	114	72.5	137	162.5	139.5	116	220.5
2	92	32	"ERa"	"Control"	45	49	47	40.5	102	37.5	64	52.5	104.5	46.5	58	53.5	58	50	62	82.5	48.5	50.5	71.5	46.5	69.5	57	47
3	92	1	"Rhodamine+IgG647"	"Control"	12264.5	12752.5	9717	8533.5	11565	9000	15265.5	14623	8193.5	14882.5	13125.5	14006.5	15273	15216.5	7957.5	13346.5	12953.5	12831	11392	13676.5	11340	12916	11580.5
3	92	2	"Anti-human IgG 1.5625ng/ul"	"Control"	205	208.5	194.5	153	289.5	206	287	219.5	107.5	184.5	233	201	261	263	132.5	223	171	169.5	203.5	270.5	202	194	178.5
3	92	3	"IgG488/594"	"Control"	650	631.5	503	567	742.5	576.5	787	782	413	569.5	532.5	549.5	696	704.5	312	654	519	458.5	683	614.5	680.5	549.5	565.5
3	92	4	"Anti-human IgG 6.25ng/ul"	"Control"	687	796	589.5	615.5	1236.5	684.5	1134	968	443.5	830	796	776	1050	936.5	484.5	822.5	705	614.5	830.5	992	807	735.5	713.5
3	92	5	"GST 10ng/ul"	"Control"	74.5	82	76.5	73.5	100.5	75.5	140.5	123	69	83	101.5	84.5	107.5	94.5	79	100.5	82.5	82	76	110.5	80	89.5	92.5
3	92	6	"Anti-human IgG 25ng/ul"	"Control"	2517.5	2844	2135.5	2190.5	3227	2216	3585	3323	1415	2606	2735.5	2215.5	3351.5	3031	1570	1912.5	2247	2220.5	2514	2727.5	2938	2417.5	2624.5
3	92	7	"GST 50ng/ul"	"Control"	54	48.5	49	43.5	62	42	57.5	60.5	49.5	49.5	54.5	53	60	52.5	45	46.5	47	45	53	40.5	50	43	43.5
3	92	8	"Anti-human IgG 100ng/ul"	"Control"	8808.5	10160	8493	7070	11053.5	8781	12606.5	11676	6273	9478	10049	8345.5	12064.5	11375.5	6059	9201	8406.5	8410.5	7636.5	11766	10756	9600	8653
3	92	9	"GST 100ng/ul"	"Control"	49	46.5	50.5	43	54.5	43.5	56	52	54.5	43	54	51.5	71	44.5	54	48	43	36.5	47.5	58.5	46.5	51.5	48.5
3	92	10	"hMDM2"	"Control"	240.5	53	46.5	59	86	49	99.5	92	123.5	40.5	71	63	202	82	74	136	54.5	54.5	239	125	113.5	204	84.5
3	92	11	"GST200n"	"Control"	51	53.5	44.5	40	60.5	43.5	63	60.5	59	44	71	50	77	65.5	53.5	53	40.5	52.5	77	50	50.5	52.5	47.5
3	92	12	"RanBP2deltaFG"	"Control"	88	107	44.5	247	64	49	307.5	64	88.5	822	443	118	71.5	188	59.5	58.5	64.5	41.5	111.5	56	80.5	56.5	49
3	92	13	"Mouse-anti-biotin"	"Control"	43	46.5	44.5	40.5	48.5	37.5	44.5	48.5	46.5	46	49	48.5	53	46.5	50	44.5	39	38.5	39	50.5	36.5	43	45.5
3	92	14	"human IgG 1.5625ng/ul"	"Control"	330	433	285.5	308	505	388.5	512	495.5	270.5	379	501	361	561	490.5	277.5	475	310	408	414	608.5	400.5	466.5	337.5
3	92	15	"Rabbit-anti-biotin"	"Control"	159.5	166	152	98	252	172	172.5	197	84.5	171.5	158	142	179	180	97	146.5	138	107.5	80.5	154.5	115.5	150.5	115
3	92	16	"human IgG 6.25ng/ul"	"Control"	1231.5	1536.5	1283	1055.5	1870	1302	1877.5	2034	909	1504.5	1472.5	1275.5	1646	1594.5	902.5	1448	1333.5	1366.5	1516	1800	1524.5	1467	1394.5
3	92	17	"Biotin-BSA"	"Control"	44	51	57	43.5	82	54	108.5	98.5	58.5	50	56	46.5	54.5	52	51.5	38.5	36.5	48	48.5	56	47	47	45.5
3	92	18	"human IgG 25ng/ul"	"Control"	4166	5206	3993	3685.5	6573	5158	6865.5	6402.5	3185.5	5143	6123.5	4392	6501.5	6247	3619	5460.5	3974	4698.5	5020	7012.5	4919.5	5296	4951.5
3	92	19	"BSA"	"Control"	49.5	59	57.5	46.5	63	44	61.5	60	55	53.5	55.5	54.5	57	57	52	57	45	46.5	59.5	56	51.5	50.5	68.5
3	92	20	"human IgG 100ng/ul"	"Control"	15571.5	18263.5	14887	12326	21051	16380	22294	19557	10940.5	19863	16771.5	18511.5	18915.5	21252	10649.5	18266	16383	15986.5	16125	22737.5	18115	16049	15994.5
3	92	21	"Anti-human IgA"	"Control"	80	85	77.5	70.5	68.5	52	129.5	69.5	81.5	88.5	80.5	62	101	67	55.5	67	64	48	54	75	62.5	74.5	61.5
3	92	22	"Human IgM"	"Control"	587	728	575	494.5	917.5	608	970.5	834	537	780	773	613	930	947.5	550.5	794	702	616	735	965	734	649.5	743.5
3	92	23	"Mouse IgM"	"Control"	41	41	37.5	33.5	37	33.5	53.5	40.5	42.5	40.5	42.5	36.5	42	41	42	37	32.5	37	31	41.5	37	38	38
3	92	24	"Buffer"	"Control"	39	39	35	31.5	37	30	40.5	42	36.5	41	42	42	40.5	35	38	41.5	34	35.5	33.5	44.5	39	38	42
3	92	25	"H1"	"Control"	78.5	293.5	113	58.5	79.5	43.5	88.5	62.5	191.5	82	145	86	117	134	103	76	93.5	69.5	134.5	181.5	145	116	205.5
3	92	26	"Buffer"	"Control"	38.5	36.5	39	34	41	37.5	43.5	41	41.5	41	43.5	47.5	50	43.5	42	39	35.5	35	36	43.5	37	40	41.5
3	92	27	"H2(A+B)"	"Control"	49	36.5	61	37	47.5	38	79	46.5	71	42.5	61.5	55	65	65.5	66.5	51.5	53	62.5	50.5	75	55.5	51.5	71
3	92	28	"Buffer"	"Control"	36.5	34.5	33.5	29.5	34.5	29	47.5	38.5	39	37	35.5	37	34.5	35.5	44.5	36	31	36	32.5	40	30.5	36.5	36
3	92	29	"H3"	"Control"	75	75	143	67.5	57.5	58	133	91.5	149.5	85.5	130	75.5	101.5	113.5	114.5	95	117	83	145	130.5	115.5	103	166
3	92	30	"Buffer"	"Control"	48.5	59	60.5	42.5	59.5	48.5	61.5	66.5	59	57.5	60.5	59	61.5	69	58.5	55.5	54.5	62	46	68.5	56	55	61
3	92	31	"H4"	"Control"	60	48	126	53.5	61.5	37	99.5	514	162	75.5	195.5	74.5	95.5	126.5	117	59.5	119.5	62	127.5	150	125	100.5	194
3	92	32	"ERa"	"Control"	51	47.5	43.5	49	58.5	36	57.5	45	69	50.5	61	46	48	45	49	62.5	38	45	84.5	48	57	46	52
4	92	1	"Rhodamine+IgG647"	"Control"	12116.5	12894	9495	9117.5	14281.5	8695.5	13387.5	15592	7389	15086.5	13007	11580.5	14459.5	16188	7317.5	14897.5	13897	12176.5	11132.5	17180.5	13817	12206.5	12448.5
4	92	2	"Anti-human IgG 1.5625ng/ul"	"Control"	150.5	168	118	142.5	273.5	186.5	209	240	121	151	172	155.5	215.5	215	112.5	194	173.5	152	162	230	215.5	155	159.5
4	92	3	"IgG488/594"	"Control"	474.5	545	513.5	526.5	650	516.5	670	738	419.5	477	629	462.5	628	662.5	296	623	501	457	587	608	713.5	475	549.5
4	92	4	"Anti-human IgG 6.25ng/ul"	"Control"	1207	1474.5	1387	969.5	1643.5	1260.5	1956	1796	768	1252.5	1572.5	1526.5	1760	1532	889	1519.5	1197	973.5	1368.5	1619	1261	1352.5	1189
4	92	5	"GST 10ng/ul"	"Control"	42.5	48	44	33	59.5	46.5	51	60	43	46	51	48.5	51.5	44.5	43.5	44	42	42	44.5	49	44	39	47
4	92	6	"Anti-human IgG 25ng/ul"	"Control"	2245	2321	2391	1897.5	3248.5	2881.5	3541	2946	1754	2355.5	2647.5	2357	3154.5	2731	1547.5	2638	2364	2303.5	2381.5	3521	2747.5	2428	2519.5
4	92	7	"GST 50ng/ul"	"Control"	44	49	49	43.5	53.5	40.5	53	50.5	50	46	53.5	47	52	47.5	45	48.5	40.5	44.5	42.5	49.5	49.5	43	54
4	92	8	"Anti-human IgG 100ng/ul"	"Control"	7206.5	8951.5	7560	5860.5	10943	7887	10706.5	9650	6106.5	7934.5	9753.5	8470	10486.5	8652.5	5198.5	9817	7649.5	7207.5	7261.5	11279	9073.5	7749.5	8114.5
4	92	9	"GST 100ng/ul"	"Control"	48	50	51.5	40	53	42.5	55	47.5	48.5	46.5	53.5	46	58	45	48	52.5	36	46.5	48	52	53	51.5	49
4	92	10	"hMDM2"	"Control"	221.5	57	50	54	78.5	44.5	77	76.5	147	41.5	65.5	50	161.5	55	66	122	42.5	44.5	269.5	87.5	78	164	95.5
4	92	11	"GST200n"	"Control"	54.5	48	41.5	43	50	39.5	54	46	59.5	40.5	56.5	46	65.5	48	46.5	49	38	41	58.5	53	41.5	52.5	46.5
4	92	12	"RanBP2deltaFG"	"Control"	80.5	94	53.5	226.5	67.5	47	298.5	63	100	781	521	110.5	69.5	186.5	48.5	56	58.5	47.5	117.5	56.5	62.5	63	46.5
4	92	13	"Mouse-anti-biotin"	"Control"	44.5	43	41	46.5	48	34	48	44.5	44	42	48	45	50.5	44	40.5	46	40.5	34	39.5	51	46	44	42
4	92	14	"human IgG 1.5625ng/ul"	"Control"	314	422	357	301.5	499.5	371.5	539	484.5	303.5	421	486	370	525	450.5	251	460	362.5	312	376	551	388.5	373.5	329
4	92	15	"Rabbit-anti-biotin"	"Control"	65.5	72	68.5	63	108.5	98.5	104	106	71.5	83	81.5	68.5	87.5	80.5	58	79.5	64.5	49	52.5	72.5	51.5	70	62
4	92	16	"human IgG 6.25ng/ul"	"Control"	1263.5	1469	1309	946.5	1884	1268.5	1881.5	1798	1019	1464.5	1704	1338	1702	1641.5	754.5	1735	1327	1300	1365	1612.5	1474.5	1399.5	1189.5
4	92	17	"Biotin-BSA"	"Control"	42.5	45	41	42.5	60.5	85	83.5	82.5	53	50.5	53	46	51.5	49	43	47.5	40	45	41	50	41	41	39.5
4	92	18	"human IgG 25ng/ul"	"Control"	4918.5	5801	5004.5	3951	6852.5	4935	6888	6800.5	4057.5	5816	6245	4955.5	6947.5	6112	3535.5	6588.5	4756	5233.5	5300.5	7176.5	5519	5461	4531.5
4	92	19	"BSA"	"Control"	57	47.5	51.5	45.5	57	52	57	64	51.5	64	62	54	59	58.5	55	59.5	52.5	56.5	52.5	55.5	50.5	51	56.5
4	92	20	"human IgG 100ng/ul"	"Control"	15308	17119	15148	12752.5	20559.5	16407.5	20885	21524	8736	19070.5	20191	16926.5	22361.5	20113	11481.5	19002	16529	16151	16951	22181	17933	16548	16247.5
4	92	21	"Anti-human IgA"	"Control"	79.5	70	98.5	93	69.5	51.5	145	73	90.5	83	79	76	91	67.5	56	66.5	75.5	61	108	80.5	63.5	69	50
4	92	22	"Human IgM"	"Control"	636	584	560.5	513	856	613.5	892	710.5	449.5	682	755	651	985	793	510	833.5	631.5	631.5	731.5	911.5	626.5	716	538
4	92	23	"Mouse IgM"	"Control"	40	35.5	37	33.5	41	34	51.5	41	37	41.5	42.5	37	40.5	36	36.5	39	35.5	37.5	36	40	32.5	38.5	33
4	92	24	"Buffer"	"Control"	34.5	34.5	32.5	29	35.5	30	40	35.5	37.5	40	46	37.5	42	35	39.5	31	33.5	36	30	38	38.5	37	38.5
4	92	25	"H1"	"Control"	68	201.5	143.5	51	92.5	44	127	63.5	179.5	79	128	67.5	93.5	131	116.5	65	105	61	118	170.5	131.5	111	193.5
4	92	26	"Buffer"	"Control"	36.5	40.5	36.5	31.5	36	31.5	40	40	39.5	40	38	31.5	38	35.5	38	38.5	32.5	34	35.5	37	35	36.5	35
4	92	27	"H2(A+B)"	"Control"	40.5	41	54.5	42.5	43.5	34.5	48	40.5	53	47	50	41.5	46	42.5	56	34	39	41.5	43.5	49.5	59	45.5	49.5
4	92	28	"Buffer"	"Control"	37	42	34	36	38	31.5	43	40	39.5	58	42	32.5	39.5	38	39.5	34	35	33.5	33	36.5	36	41	42
4	92	29	"H3"	"Control"	58.5	45	119	51.5	56.5	43.5	112	67.5	166	73.5	101	54.5	87.5	68.5	85.5	79.5	61.5	67.5	115	84	120	89.5	177
4	92	30	"Buffer"	"Control"	39.5	38	36.5	36.5	38	34.5	37	39.5	41.5	53.5	46	34.5	45.5	40	41.5	33	32	40.5	36.5	33.5	41	42	42
4	92	31	"H4"	"Control"	67	45.5	100.5	51	67.5	38	69.5	373.5	147	65.5	170.5	57.5	90.5	78	100.5	66	83.5	62	98	139	105	104	160
4	92	32	"ERa"	"Control"	59	58.5	86	67.5	149	67	123.5	68.5	103	59.5	93	71	90.5	73.5	63.5	110	57.5	69.5	153.5	69	66.5	76.5	100
5	92	1	"Rhodamine+IgG647"	"Control"	10608	10307.5	7978	7369	11900	10895.5	11781.5	13294.5	7242.5	11953	11851	13121.5	13555	11611.5	5935.5	11493.5	13982	9832	9217.5	12371.5	9728.5	11593.5	7186
5	92	2	"Anti-human IgG 1.5625ng/ul"	"Control"	150	177	183	160	257.5	170	268	211	149	160	175	232	243.5	188	120	151.5	201	149	211.5	216.5	217	168.5	160.5
5	92	3	"IgG488/594"	"Control"	386	438	383	477	591	483	599.5	596	387	459.5	435	517.5	558	447	274	467	489.5	387.5	502.5	542	549	438.5	425.5
5	92	4	"Anti-human IgG 6.25ng/ul"	"Control"	514	554	440	493	754	595.5	689.5	707.5	392.5	519.5	559.5	628.5	677	595.5	391	516.5	570.5	514	590	653	618.5	506.5	558
5	92	5	"GST 10ng/ul"	"Control"	38.5	38	39.5	36.5	51.5	45	61.5	49	50	42	45.5	47.5	46.5	47.5	39.5	45.5	41.5	43	45	46.5	47	42.5	41
5	92	6	"Anti-human IgG 25ng/ul"	"Control"	2143	2569	2057	2210	3028	2813.5	3219	3040	1457	2386.5	2625	2866	2942.5	2431	1523	2308.5	2560	2127	2389.5	2956	3595	2551	2414.5
5	92	7	"GST 50ng/ul"	"Control"	41.5	47	44.5	39.5	50	39.5	52.5	46.5	44	43	51	51.5	49	47.5	48.5	41	49	44.5	47.5	43	49.5	45	41.5
5	92	8	"Anti-human IgG 100ng/ul"	"Control"	7437	8713.5	7623.5	7748.5	10628.5	9796	11377	10932.5	6213.5	8148	9136	9750.5	10067	9136	6056.5	8441	9698	8319.5	8941.5	11968.5	9888.5	8833.5	7659
5	92	9	"GST 100ng/ul"	"Control"	46	41.5	37	40.5	48	38.5	54	48.5	53	42.5	48.5	45	51	42	51.5	46.5	44.5	41.5	49	42.5	42.5	47	43
5	92	10	"hMDM2"	"Control"	227.5	55.5	45	69.5	83	57.5	87	89.5	209	41.5	69.5	59	172.5	60	75	100	58	60	268.5	121.5	130	206	97
5	92	11	"GST200n"	"Control"	58	57	46	44	56.5	47	59.5	50.5	69	47.5	67	49	68.5	61.5	45.5	53.5	54.5	58	66.5	61	63.5	59	47
5	92	12	"RanBP2deltaFG"	"Control"	109	128.5	50.5	274	65	63.5	343	73.5	103	800	596.5	152.5	78	228	63.5	60	98.5	54.5	142	82	125	95.5	61
5	92	13	"Mouse-anti-biotin"	"Control"	43	42	42	41.5	49	39.5	58	52.5	51	43.5	46.5	47	48.5	41	44	44	45.5	36	50.5	46	40.5	44.5	42
5	92	14	"human IgG 1.5625ng/ul"	"Control"	329	406	315.5	353	485.5	385	525.5	462.5	357.5	382	428	383.5	488.5	371	248.5	398.5	349.5	342.5	396.5	583	383.5	422.5	311
5	92	15	"Rabbit-anti-biotin"	"Control"	85	96	80	77	134.5	132.5	184	207	83.5	120	103	118	89	102	79	90	103.5	86	69.5	98.5	83.5	112.5	80.5
5	92	16	"human IgG 6.25ng/ul"	"Control"	1286	1348.5	1243.5	1057.5	1818	1443.5	1858	1938	1128	1319	1355.5	1593	1468	1526	957	1385	1502	1250.5	1412.5	1757	1387	1507.5	1188
5	92	17	"Biotin-BSA"	"Control"	42.5	50.5	43.5	44	46.5	54	201.5	229	59.5	53.5	50.5	48.5	53	48	48	45	49	44	45.5	50.5	48.5	45	42.5
5	92	18	"human IgG 25ng/ul"	"Control"	4502	5150.5	4595	4071.5	6118	5711	6827	6417	3312.5	4858.5	5607	5276.5	5814	5497.5	3508.5	5245.5	5046	5352	5180	6804	4713	5344	4091
5	92	19	"BSA"	"Control"	63	147.5	67	143.5	141	739	90	54.5	84	57	49	57	53	52.5	52	52.5	51	45	51	46.5	49	40.5	46.5
5	92	20	"human IgG 100ng/ul"	"Control"	15269.5	17078	15243.5	13085.5	21299.5	18007	19066	19893	12495	17097	17398	19061.5	18093.5	19056	12847	13054.5	18142.5	15629	16625.5	19341.5	18179.5	16535	13057.5
5	92	21	"Anti-human IgA"	"Control"	78.5	74.5	73	75	64.5	62	137	72.5	89	76	76	74	81.5	63	56.5	60	72	52	58	66	63.5	61.5	56
5	92	22	"Human IgM"	"Control"	607.5	758.5	630.5	572	883.5	749.5	868	792.5	587.5	801	736.5	785.5	824	831	614	750.5	778.5	693.5	744.5	814.5	767	766	648
5	92	23	"Mouse IgM"	"Control"	43.5	43	41.5	40	44.5	44	61.5	42	39.5	38	48	40	51.5	44.5	43	41.5	43.5	41.5	35.5	45.5	41.5	43.5	41.5
5	92	24	"Buffer"	"Control"	38	35	37.5	33.5	44.5	37	41	37	38	34	39	35	41.5	41	39.5	34.5	40	40.5	30.5	40.5	35	40.5	34.5
5	92	25	"H1"	"Control"	77.5	434.5	129	56	95	53.5	90.5	54.5	235.5	67	141.5	73	107	134	138	63.5	101.5	82	142.5	149	120	99.5	137.5
5	92	26	"Buffer"	"Control"	37.5	33.5	32.5	33	39.5	33.5	39	36.5	37.5	30.5	43	39	35	38	49	31.5	35	36	40	41	34	34.5	33
5	92	27	"H2(A+B)"	"Control"	42	43	83.5	49.5	50.5	43.5	70	45.5	97	42.5	63.5	47.5	58	58	104.5	43.5	72	61.5	67	71	68.5	67.5	55.5
5	92	28	"Buffer"	"Control"	31.5	33.5	30	33.5	37	33	39	39.5	43.5	28.5	40.5	37	34.5	38	42.5	35.5	34.5	33	36.5	36.5	31	34	32
5	92	29	"H3"	"Control"	55	52	124.5	48	49	39	110.5	65	224	60	134	56.5	75.5	102	114	68.5	108	92.5	139.5	133.5	156.5	132.5	158
5	92	30	"Buffer"	"Control"	37.5	34	31.5	30	39.5	32.5	36	37	41.5	33	38.5	35	37	37	43.5	35.5	33	34.5	31.5	39	28.5	38.5	31.5
5	92	31	"H4"	"Control"	77.5	55.5	132	49.5	69	47.5	129.5	566.5	233	75.5	226	69.5	91	125.5	154	82.5	141	86.5	142.5	178.5	139.5	113	193
5	92	32	"ERa"	"Control"	44.5	48	47	47	108	40	67.5	51	155	46.5	60	42.5	59	46	50.5	67	53	53	73.5	49.5	57	49.5	42.5
6	92	1	"Rhodamine+IgG647"	"Control"	10189.5	13295	10371.5	9016	12925	12115.5	13937.5	13107	8012.5	11575	10608	12361	13446.5	12173	7049.5	11873	11563	13243.5	11428.5	10814	11522.5	13646	6521.5
6	92	2	"Anti-human IgG 1.5625ng/ul"	"Control"	157.5	185.5	187.5	170.5	272	197.5	258	219	136.5	183.5	216.5	201	218.5	182.5	144.5	195.5	218.5	167.5	190.5	225.5	214	174	157.5
6	92	3	"IgG488/594"	"Control"	478.5	453.5	429	472	603.5	480	575.5	609.5	388	399	467.5	564	532.5	499.5	263.5	474	497.5	443.5	527.5	576	526	496.5	382
6	92	4	"Anti-human IgG 6.25ng/ul"	"Control"	647.5	781.5	638.5	525.5	980	679.5	1024.5	1334	541	744.5	706.5	787.5	684.5	846	489.5	781	846.5	592.5	636.5	851	812	713.5	597.5
6	92	5	"GST 10ng/ul"	"Control"	59.5	46	56.5	43	163	62	98.5	167	60.5	54	53	56	42.5	53	51	45	56	46.5	49	49	48.5	49.5	44
6	92	6	"Anti-human IgG 25ng/ul"	"Control"	2229	3388.5	2893	2641	3219.5	3129	4470	3553	2326	3090	3321.5	3251	3623.5	3223.5	2468	3411	3398	2941.5	3091	4143.5	3414	3238	2480
6	92	7	"GST 50ng/ul"	"Control"	48	44.5	39.5	38.5	53.5	51	50	55	46	42	51.5	44	57	44	48	46.5	48.5	42	42.5	39	40	51	39.5
6	92	8	"Anti-human IgG 100ng/ul"	"Control"	6764.5	10514	7411	8719	8725.5	8833	10649	9756.5	7067.5	8410.5	9838.5	9333	9692	8889.5	5777	10427	9788	8653	8507.5	10632.5	10550.5	9073.5	5998
6	92	9	"GST 100ng/ul"	"Control"	46.5	47	41	44	54	43	45	46.5	59	38.5	49.5	39.5	51	44	52	41.5	42.5	42.5	49.5	46	43	51.5	40
6	92	10	"hMDM2"	"Control"	168	57	48	74	73	51.5	88	86.5	174.5	35.5	72	49.5	150.5	62.5	82.5	117	53	58	260	112.5	94	164	91.5
6	92	11	"GST200n"	"Control"	52.5	50	49	45	57.5	49.5	58.5	54.5	56	44.5	65.5	50.5	68.5	50.5	52.5	49	41.5	52.5	71.5	72	54	47.5	43
6	92	12	"RanBP2deltaFG"	"Control"	80	104	46.5	254.5	77	56	353	65	100.5	755.5	447.5	111	66.5	201	57	53	65.5	56.5	116	56	100	53.5	39.5
6	92	13	"Mouse-anti-biotin"	"Control"	43	41.5	45	42.5	47.5	45	48	42.5	53.5	41	50	44	49	41.5	47.5	44.5	41	42	42.5	44	39	43.5	35
6	92	14	"human IgG 1.5625ng/ul"	"Control"	244	430	355	330.5	463	483.5	574.5	436	316.5	321.5	462.5	342.5	500.5	389	310	446	427	450	406.5	560	408.5	421.5	306.5
6	92	15	"Rabbit-anti-biotin"	"Control"	88.5	79.5	67.5	69.5	71	132.5	221	226	72	92.5	84	77.5	106.5	94	76	82.5	90	72.5	68.5	82	69.5	90	63.5
6	92	16	"human IgG 6.25ng/ul"	"Control"	1189	1512.5	1430	1201	1924	1795.5	1906	1981	853.5	1458.5	1662	1612	1676	1592	1036	1588	1622	1382	1434.5	1957.5	1632	1509	1179.5
6	92	17	"Biotin-BSA"	"Control"	47	44	40.5	45	56	70	182	200	47	45.5	53	50	51	43	45	48.5	43.5	44.5	42.5	42	35.5	40	40
6	92	18	"human IgG 25ng/ul"	"Control"	4419.5	5769	4965	4485.5	6794	6415.5	6649.5	6613	3106	4512.5	5760	5314.5	5909	5515	4027	5725.5	5697.5	5532	5364.5	6889	5882.5	5989.5	4174
6	92	19	"BSA"	"Control"	71.5	110.5	79	138.5	244	582	62	62	47.5	56	51.5	52	56.5	53.5	56	51	60	48.5	53.5	53.5	52.5	50.5	48
6	92	20	"human IgG 100ng/ul"	"Control"	15302.5	19688	17574.5	14973.5	21824.5	20690.5	20548	21944	13100	16644.5	18536	18398	17964.5	17901	13336	17598.5	19716	17238	17432	22784	19800	18632.5	14157.5
6	92	21	"Anti-human IgA"	"Control"	78.5	67.5	73	72	61.5	55.5	96.5	62	80	68	65.5	67	71.5	53	49.5	55	62.5	57.5	58.5	63	61	64	50.5
6	92	22	"Human IgM"	"Control"	526.5	724	711.5	594	776	754	855	765.5	581.5	604.5	702.5	692.5	861.5	787.5	544.5	730	790	745	696.5	943.5	789.5	837.5	544.5
6	92	23	"Mouse IgM"	"Control"	65	53.5	55	51.5	52.5	55.5	81	62.5	54	53	64	50.5	59.5	57	57	52	60	60.5	51.5	56	50.5	62.5	50
6	92	24	"Buffer"	"Control"	37.5	34.5	33	30.5	32	34	40	35	41.5	32.5	41	35.5	39.5	31.5	43	31.5	37	42	36	34	34	37.5	33
6	92	25	"H1"	"Control"	63	431.5	110.5	62	62.5	51.5	83	53.5	170.5	65	102.5	58	81	103	130.5	63.5	83	71	126.5	115	93	110	139.5
6	92	26	"Buffer"	"Control"	39.5	38	35.5	36	37	37.5	41.5	39	42	35	44	40	43	38	44.5	45	39	43.5	39.5	42.5	32	38.5	37
6	92	27	"H2(A+B)"	"Control"	66	67	105	65	49.5	63.5	119	66	77	73	86.5	61	94	75	106	70.5	102.5	107.5	94.5	112.5	81	88.5	97.5
6	92	28	"Buffer"	"Control"	36.5	34.5	32.5	38	39	35	43.5	39.5	29.5	34	43.5	39	40	38	35.5	32	36.5	38	33	37.5	28	37	35
6	92	29	"H3"	"Control"	49.5	48	126	48.5	61.5	43.5	89	60	175	54.5	82.5	57.5	83	82	90	56	106	80.5	117	133.5	96	80.5	88
6	92	30	"Buffer"	"Control"	35.5	34.5	33.5	40.5	36	37	39	40	43.5	33	42.5	36	37	37.5	45.5	34.5	36.5	36	33	42	32	37	29.5
6	92	31	"H4"	"Control"	55	50.5	110.5	52.5	68	43	98.5	558	181.5	65	209	65	92	112	122.5	76	110.5	75.5	130	160.5	150	123.5	155
6	92	32	"ERa"	"Control"	38	46	41	46.5	94	39.5	53.5	46	77	39.5	52	48	50.5	44	55	60.5	43.5	50.5	60.5	54	53	51	42
7	92	1	"Rhodamine+IgG647"	"Control"	10273	13384	9108.5	9914.5	12894.5	13327.5	13328.5	15644.5	9050.5	11813	11962	14335	14132	13959.5	8280	10241	12483.5	11526.5	10483.5	14354	11837.5	12781	9093.5
7	92	2	"Anti-human IgG 1.5625ng/ul"	"Control"	154.5	203.5	152	167	256	178.5	232.5	220.5	135	149	163.5	158.5	193.5	163	113	170	187.5	157.5	220.5	275	238.5	161.5	158
7	92	3	"IgG488/594"	"Control"	525	594	496.5	522	645	594	603	719.5	426	621	581	563.5	640	619.5	321.5	704	479.5	409	584.5	673	825	540.5	517
7	92	4	"Anti-human IgG 6.25ng/ul"	"Control"	488	799	715	589.5	937.5	866	961.5	1247.5	551	781	729.5	675.5	803	798	464.5	782.5	642.5	688	819.5	944.5	900	705	590.5
7	92	5	"GST 10ng/ul"	"Control"	78	95	76.5	70	118.5	83	104.5	122.5	71.5	77.5	76.5	86	83	90	71.5	90	79.5	79.5	90.5	86.5	78.5	79.5	76
7	92	6	"Anti-human IgG 25ng/ul"	"Control"	1878	2500	2426.5	2160.5	2825	2717	2648	3216	1936	2115	2505.5	2314	2802	2331.5	1497	2821	2512.5	2486	2630	3227.5	2702	2242.5	1961
7	92	7	"GST 50ng/ul"	"Control"	43	42	41.5	41	58.5	49	51	50	58.5	41	47.5	46	45	47	46	42.5	47.5	45.5	46	49.5	45	44.5	44.5
7	92	8	"Anti-human IgG 100ng/ul"	"Control"	6516	8570	8070.5	8009.5	9804.5	9081.5	8912	10997.5	6930	8074	8377	9039.5	10209	8498.5	6229.5	9893.5	9740.5	9196.5	8781	12221.5	9633	9554.5	6421.5
7	92	9	"GST 100ng/ul"	"Control"	50.5	47	45.5	44	53.5	53.5	48	50.5	51.5	38	50	44.5	55	43.5	45	48.5	40.5	48.5	45.5	49.5	44.5	52.5	36
7	92	10	"hMDM2"	"Control"	183.5	52.5	47.5	64	66.5	47.5	68.5	73.5	153	35	73.5	54.5	135.5	56	69	148	57.5	53.5	236.5	112.5	89.5	188.5	82.5
7	92	11	"GST200n"	"Control"	54.5	48.5	48.5	44	60.5	43	52	48.5	60.5	43.5	52	46.5	58	53	50.5	50	54.5	51.5	63	57.5	48	52	39
7	92	12	"RanBP2deltaFG"	"Control"	66	69	41.5	250	59.5	53	259	59	95.5	656	450.5	112	58	167.5	48.5	54.5	67	46.5	108.5	55	79.5	54	41.5
7	92	13	"Mouse-anti-biotin"	"Control"	44	42	44	42	50	45.5	48	55	49.5	41.5	44	44	42.5	46.5	44.5	40	47	46	41.5	51	41	49.5	36
7	92	14	"human IgG 1.5625ng/ul"	"Control"	280.5	433.5	326.5	315.5	470.5	440	434.5	433	247.5	345	355	301.5	429	378.5	273	410	394	445.5	339.5	543.5	362	428.5	230.5
7	92	15	"Rabbit-anti-biotin"	"Control"	123.5	133.5	122	92	175.5	156.5	212	235	81	157	126.5	123.5	155.5	149.5	97	115	137	93.5	75	149	126	126	103
7	92	16	"human IgG 6.25ng/ul"	"Control"	1130.5	1355	1368.5	1085	1651.5	1532	1744.5	1645.5	1005	1271	1301.5	1348.5	1518	1485.5	799	1307.5	1484.5	1392	1334	1782	1505.5	1440.5	777.5
7	92	17	"Biotin-BSA"	"Control"	48	48.5	46.5	46.5	54.5	61.5	64	52.5	57.5	45.5	45	52	58.5	50.5	45.5	44.5	48	44	47	46.5	47	46	40
7	92	18	"human IgG 25ng/ul"	"Control"	3981	5415.5	4611	3801.5	6528	5835.5	5604	5613.5	3722	4420.5	4986.5	4732	5295	5017	3215	5201	5279	5369	4637	6375.5	5095.5	5583.5	3609.5
7	92	19	"BSA"	"Control"	56	57	59.5	45	59	54.5	293	74.5	81.5	53	79.5	52	74.5	55.5	70	74	62	67	49.5	78	53.5	62.5	48
7	92	20	"human IgG 100ng/ul"	"Control"	12315.5	18669.5	15847	13198	20768	18860.5	19018.5	19416	13093.5	16824.5	16294	17403.5	17492.5	18422.5	11687.5	17012	18388	17954.5	16987	19746	18079	18108	12737.5
7	92	21	"Anti-human IgA"	"Control"	88.5	68.5	77	75.5	81	57	109	61.5	85.5	66	68.5	63.5	78	57.5	56.5	63	67	60.5	63	67.5	65.5	65	54
7	92	22	"Human IgM"	"Control"	473	731.5	665.5	544	813	761	797.5	766.5	582	569.5	594.5	661	800.5	727	554	782.5	668.5	671.5	676	833.5	709.5	817.5	509.5
7	92	23	"Mouse IgM"	"Control"	37.5	41.5	38	34	37.5	40	48.5	43	36.5	39	45.5	40.5	38	37.5	45	35	43.5	39	37.5	44	31	38	35.5
7	92	24	"Buffer"	"Control"	36	30.5	32.5	33	40	32.5	37.5	33.5	48	32	44.5	42.5	36.5	32.5	45.5	35	37.5	37.5	37	36.5	33	35.5	34.5
7	92	25	"H1"	"Control"	52	395.5	125	49.5	86.5	39	101.5	54.5	225.5	72.5	107	62	88.5	104.5	127.5	64	84	69.5	132.5	120.5	96.5	93	127.5
7	92	26	"Buffer"	"Control"	41.5	40	38.5	38.5	40	39	41	38	51	33	48	39.5	37	36	43.5	38.5	43.5	47	38	37.5	37.5	39	31
7	92	27	"H2(A+B)"	"Control"	43	37.5	90.5	51.5	46	40.5	58.5	45.5	115.5	45.5	78	52.5	58.5	46.5	94	45.5	82	65	62	74.5	70	77.5	79.5
7	92	28	"Buffer"	"Control"	34	36.5	34.5	31.5	34	40	36	36	43.5	34.5	43.5	38	39.5	32.5	37.5	33	36	35	33	36.5	40	34	33.5
7	92	29	"H3"	"Control"	60	55.5	145	52.5	101.5	54.5	122	95	201.5	70.5	129	96	101.5	96.5	108	87.5	123.5	83.5	141.5	152.5	151.5	110.5	140
7	92	30	"Buffer"	"Control"	65	55.5	56.5	41.5	53	63.5	60.5	63	62	50	57.5	56	57.5	61	57	54.5	66.5	65	58	63	55.5	55	46.5
7	92	31	"H4"	"Control"	52	48.5	122	43.5	59	47	70.5	483.5	199	50.5	141	62.5	90.5	98	127.5	69.5	113.5	85.5	139.5	152	124.5	104	160.5
7	92	32	"ERa"	"Control"	45.5	42.5	43.5	37	90	43	44.5	48	118.5	38	48	46	50	47	51	52	51	45.5	94.5	49.5	53	49.5	41.5
8	92	1	"Rhodamine+IgG647"	"Control"	12657.5	14547	12086	10635.5	14295.5	14601	11829.5	14916	8830	11904.5	12550	13249	12138	13121	8123.5	13711.5	16465	14888	10540	15257	12952.5	16225.5	9432.5
8	92	2	"Anti-human IgG 1.5625ng/ul"	"Control"	133	187.5	160.5	177	209	228.5	180	218	88.5	129.5	140.5	159.5	204.5	140	97.5	199.5	166.5	156	146	220.5	197.5	187	151.5
8	92	3	"IgG488/594"	"Control"	521	620	535	527	681	659	659	694	457	527	537.5	564.5	627	760.5	290	606.5	504.5	484	606.5	723.5	770.5	569.5	534
8	92	4	"Anti-human IgG 6.25ng/ul"	"Control"	1299.5	1535	1540.5	1322	1836	1522.5	2101	1692	1140	1466.5	1563.5	1466	1363.5	1647.5	788	1632.5	1597.5	1447	1269	1648.5	1788.5	1613	982
8	92	5	"GST 10ng/ul"	"Control"	45	39.5	41	42	54.5	52.5	62.5	54	52	44.5	49.5	45	46.5	47	47.5	43.5	47.5	48.5	39	48	40.5	49	40
8	92	6	"Anti-human IgG 25ng/ul"	"Control"	2318.5	2921.5	2628	2271	3759.5	3227	3144	2904	2007.5	2331	2678.5	2384.5	3189.5	3017	1394	2862.5	2876.5	2644.5	2420	3271	2851	2779	2248.5
8	92	7	"GST 50ng/ul"	"Control"	42	48	45	40.5	43	43	43	48.5	45	41.5	48	36	47	45.5	41.5	46	45	42	42.5	44.5	40.5	46.5	42
8	92	8	"Anti-human IgG 100ng/ul"	"Control"	7308	9255.5	7144	7480.5	9707.5	10137	9013	9823.5	6132.5	7235	8697.5	7173	9479	8844.5	5274.5	9330	9308.5	8232	8277.5	10696	9353.5	9117.5	6436.5
8	92	9	"GST 100ng/ul"	"Control"	49	45.5	47	42.5	46.5	42.5	50.5	48.5	52	42.5	44.5	44.5	54.5	43	51	48	42	47.5	47.5	47	48.5	40	38.5
8	92	10	"hMDM2"	"Control"	176	48.5	46	68	75.5	44.5	88	74	150	41.5	62.5	54.5	136.5	61.5	71	149.5	54.5	56.5	209	110	104.5	181.5	66.5
8	92	11	"GST200n"	"Control"	47.5	48	46	41	53.5	46	53.5	49	61	41	50.5	43	56	50.5	47	54.5	43.5	48.5	52	45.5	44.5	46.5	42.5
8	92	12	"RanBP2deltaFG"	"Control"	71.5	83.5	43.5	242.5	73.5	56	241	57	89	629	375	87	57	172.5	53.5	54	72	48	105	61.5	74.5	61	47.5
8	92	13	"Mouse-anti-biotin"	"Control"	45	40.5	43.5	43.5	53.5	43.5	45	48.5	44.5	42.5	44	46.5	54	44	46.5	43	41	42	37	45	38	46	35.5
8	92	14	"human IgG 1.5625ng/ul"	"Control"	349.5	428	346.5	313	486.5	464.5	443.5	462.5	293	339.5	395.5	370	498	337.5	284.5	440	399	437.5	363.5	498	369	426	279
8	92	15	"Rabbit-anti-biotin"	"Control"	70.5	77.5	70	62	84	109.5	130.5	138.5	61.5	78.5	73.5	82.5	84.5	98.5	64	86.5	77.5	72.5	57.5	78.5	49.5	77.5	51.5
8	92	16	"human IgG 6.25ng/ul"	"Control"	1369.5	1566	1450	1113.5	1836	1684.5	1780.5	1813.5	1111.5	1334.5	1361	1395	1629	1626	830	1589.5	1539	1482	1491.5	1778	1550	1490.5	931.5
8	92	17	"Biotin-BSA"	"Control"	40	38.5	47	34.5	42.5	43	94	113.5	41	43.5	46.5	43	44	34.5	35.5	43	47.5	45.5	40	44.5	37	40	37.5
8	92	18	"human IgG 25ng/ul"	"Control"	5048	4685.5	5367.5	4283.5	6668.5	6384	6315	6745.5	4502.5	5191	5114	5238	6037.5	4868.5	2947.5	6131	5934	6005.5	5046	6934.5	5526	5986	3774.5
8	92	19	"BSA"	"Control"	58	55	56	47	60	51	166	79.5	75	59	65.5	64.5	55	59	60.5	66.5	64.5	52.5	54	61.5	58	56.5	50
8	92	20	"human IgG 100ng/ul"	"Control"	16370	17463.5	17014	13860.5	21304	20701	20644	20865	13326	17123	16562	18332.5	18082	18618	12468.5	19341	19978.5	17969.5	17007.5	20831	18648	18624	12497
8	92	21	"Anti-human IgA"	"Control"	81	77.5	77	82.5	70	74	122	75.5	83.5	63	93.5	73.5	79.5	64	53.5	68	78.5	61.5	64	84.5	73	71	60
8	92	22	"Human IgM"	"Control"	628	810.5	731.5	541	868	850	802	749	592	670	653.5	775	908.5	675.5	593.5	675.5	668.5	735.5	767.5	876	644.5	866.5	460
8	92	23	"Mouse IgM"	"Control"	34	37.5	35.5	36	39	33	43	37	38	37	38.5	36	36.5	39	45	28.5	37.5	37.5	37	37.5	32.5	41.5	28
8	92	24	"Buffer"	"Control"	36	33.5	37.5	32	39	31	36.5	39.5	42.5	34	40	37	40.5	36.5	47.5	36	38	34.5	30.5	35.5	32.5	41	32.5
8	92	25	"H1"	"Control"	83.5	315	132	58	83.5	47.5	89	69.5	209.5	74	121.5	81	109	137	124.5	67	106	92	134	179.5	121.5	99	123.5
8	92	26	"Buffer"	"Control"	38	35	35	30	42	33	36.5	37	37	35	35	38	38	33	40	34.5	35.5	38.5	30.5	39	36	38.5	30.5
8	92	27	"H2(A+B)"	"Control"	46	39.5	87.5	42	49.5	39.5	56	41.5	73	40	46	49.5	41.5	56.5	64	46.5	62	47	40	66	66.5	64.5	63.5
8	92	28	"Buffer"	"Control"	36.5	32	38	33.5	41	35	38.5	55.5	36.5	36.5	35	41.5	36.5	35.5	41	36.5	39	37.5	31	41.5	30	36	33
8	92	29	"H3"	"Control"	52	44.5	140	43	78	44.5	111.5	56.5	170.5	52.5	84.5	70	75.5	94.5	102	47.5	103	83.5	117	111	126	90.5	91
8	92	30	"Buffer"	"Control"	39	35	36.5	33.5	35.5	37.5	38	38.5	41	41	41	37	40.5	36.5	42	35	41	39	34.5	40	34	42	31.5
8	92	31	"H4"	"Control"	69.5	48.5	136	46.5	56	43	105.5	424.5	174.5	75	160	68	90	95.5	123.5	55.5	134.5	76.5	114	177.5	131.5	120.5	173
8	92	32	"ERa"	"Control"	92.5	84.5	101.5	62.5	182	60	94	87.5	140.5	92.5	83	58.5	82.5	78	75.5	97	87.5	93	120	74	118.5	98	75
9	92	1	"Rhodamine+IgG647"	"Control"	9812.5	10583.5	8055	8826	12432.5	11367.5	9910.5	11004.5	5244	10612.5	9007	11207	9895	10511	5139	9304.5	8274.5	8127	9656.5	10489.5	9192.5	11092	6496.5
9	92	2	"Anti-human IgG 1.5625ng/ul"	"Control"	159	191.5	178.5	194	273	182.5	200	220.5	116	145.5	147	231.5	174	158.5	107	177.5	139.5	130	166.5	226.5	209	138.5	179.5
9	92	3	"IgG488/594"	"Control"	478.5	460.5	383.5	573.5	640	445	527	553	293	411.5	453	489	520.5	440.5	230.5	453.5	364	327	442.5	520.5	491	485	422
9	92	4	"Anti-human IgG 6.25ng/ul"	"Control"	514	527.5	478.5	626.5	762.5	616	776	948.5	373	553.5	534.5	647	561	594	249.5	494.5	537	433.5	605	755	583.5	490.5	460
9	92	5	"GST 10ng/ul"	"Control"	43	39	41.5	41.5	87	68	54	63	40	36	43.5	46	41	44	38	40	41	38.5	44	41.5	44	41.5	38.5
9	92	6	"Anti-human IgG 25ng/ul"	"Control"	2098	2209	2159	2396.5	3368	2801	2966.5	2627	1531.5	1998	2306.5	2714	2323.5	2209	1171.5	2063.5	2239.5	2016	2119.5	3182	2560	2088	1834.5
9	92	7	"GST 50ng/ul"	"Control"	40.5	40	40.5	44	52.5	40.5	46.5	47	44	40	47.5	48	42	41	41.5	45	45.5	40	46	48	46.5	41	41
9	92	8	"Anti-human IgG 100ng/ul"	"Control"	7199	7767	7732	8661.5	10979.5	9466	9179	8311.5	5265	7306	7527	9175.5	8377	8259.5	4707	7850	7466.5	6691.5	8013.5	10797	9437	6645	7043.5
9	92	9	"GST 100ng/ul"	"Control"	38.5	42	43.5	43	50.5	38.5	44.5	40.5	46	35	48	46	45.5	45	43	44.5	38	45	42.5	43.5	40.5	41	34.5
9	92	10	"hMDM2"	"Control"	220.5	54.5	47.5	64.5	81.5	48.5	78	75	164	38	69	52.5	130.5	59.5	63.5	149	51.5	57.5	252	121.5	100.5	148	84
9	92	11	"GST200n"	"Control"	51.5	53.5	48.5	46.5	58.5	43.5	53.5	48.5	59	47.5	53.5	48.5	58.5	48	43.5	46.5	47.5	53	75	59	56.5	54	48.5
9	92	12	"RanBP2deltaFG"	"Control"	95.5	112.5	53	320.5	106	61.5	307.5	62	92.5	694.5	446	106	84.5	195	50	51	90	48.5	134	59.5	125.5	83	55
9	92	13	"Mouse-anti-biotin"	"Control"	42.5	42.5	36.5	51	48.5	46	49	60	48	44	43.5	50	39	45.5	41	43	37	38.5	42.5	44.5	42.5	44	39
9	92	14	"human IgG 1.5625ng/ul"	"Control"	320.5	399.5	289	353	493.5	456.5	454	414.5	277	304.5	350	368	378	385.5	273	352.5	343	294	373	522	379.5	363	300
9	92	15	"Rabbit-anti-biotin"	"Control"	93	83	80	85.5	142.5	111.5	179.5	201	68.5	94	96.5	104	105.5	93	67	97.5	94.5	69.5	73	98.5	115	87	101
9	92	16	"human IgG 6.25ng/ul"	"Control"	1256.5	1252.5	1232	1233.5	1694	1531	2248	2242.5	823.5	1296	1136	1597.5	1275.5	1444	819.5	1342.5	1087.5	1152.5	1371.5	1868	1515	1362	1160.5
9	92	17	"Biotin-BSA"	"Control"	32	40	42.5	39.5	54.5	51.5	610	572	64	106	66	93.5	60	57.5	42.5	53	46.5	48.5	43	59.5	47.5	48	47.5
9	92	18	"human IgG 25ng/ul"	"Control"	4072	4867	4687	4771	6206	6113	5741	5844	2385	4500.5	4630	5048	4969	4747.5	3110.5	5248	4699.5	4588.5	4659	7006	5130.5	5410	3956.5
9	92	19	"BSA"	"Control"	47.5	45.5	50.5	49	50.5	73.5	47	53	43	54	50.5	64.5	41.5	46	43.5	43	51	42.5	49	51.5	49.5	42	43.5
9	92	20	"human IgG 100ng/ul"	"Control"	14892	14360.5	15260	15429.5	18123	18208.5	17309.5	18160.5	8020	14763	14732	17550	14751	16799.5	10839	13597.5	15821.5	14462	15998.5	22225	17894	17293.5	13243.5
9	92	21	"Anti-human IgA"	"Control"	74.5	62.5	68	82.5	64	58	104	66.5	70	59	75.5	61.5	63	59.5	50.5	61	61	52.5	66.5	74.5	71	67	56.5
9	92	22	"Human IgM"	"Control"	615	603	586.5	644	712.5	703	768	658	498	609.5	675.5	648.5	718	693.5	450	604	664.5	570	721.5	949	701	716.5	627
9	92	23	"Mouse IgM"	"Control"	35.5	38	41.5	39	43	40	59	43.5	41	37	46	40.5	36.5	41.5	37	40	37.5	43	40.5	43	44	37	37.5
9	92	24	"Buffer"	"Control"	29.5	34	34	35.5	38.5	34	40.5	39.5	36.5	35.5	41	41.5	33.5	36.5	33	33.5	33	34	34	37	37	32	31
9	92	25	"H1"	"Control"	53.5	423	128	65	78	55	93.5	56	177	63.5	129.5	65	86.5	113	101.5	60	122	69	122	109.5	108.5	74.5	106.5
9	92	26	"Buffer"	"Control"	30.5	35	29.5	34.5	41	33	34	32	42.5	32.5	40	36	37	37	39	32.5	37.5	38	30.5	37	34	29.5	30.5
9	92	27	"H2(A+B)"	"Control"	44	39	82.5	49.5	49	40	71	41.5	88.5	47	55.5	42	57.5	53	83.5	39.5	69	56	52	80.5	88	53	70.5
9	92	28	"Buffer"	"Control"	33.5	37	34	34	37	35	38	35	30	30.5	35.5	31.5	33	40.5	36	31	33	36.5	31.5	37.5	32.5	27.5	32.5
9	92	29	"H3"	"Control"	47	42	152	47	86.5	42.5	111.5	50.5	163	54.5	82.5	79.5	48.5	86	84	54.5	90.5	68	125.5	135.5	141.5	99	110.5
9	92	30	"Buffer"	"Control"	31.5	34	38	33	41	31.5	35.5	36	37.5	29	29	36	35	36.5	37.5	32.5	33	33.5	30	36	33.5	30	36
9	92	31	"H4"	"Control"	64	47	134.5	50	63	43	98	513.5	182.5	73	180	83	96	127.5	130.5	56	109	71.5	145	163	126	119.5	173.5
9	92	32	"ERa"	"Control"	39.5	40.5	42.5	44.5	139.5	38.5	59	44.5	107.5	48.5	49.5	49	58	50	51	56	40.5	38.5	91	50.5	63.5	51	44
10	92	1	"Rhodamine+IgG647"	"Control"	9013.5	11353.5	10176.5	9564	13532	12295.5	10752	13741.5	5782.5	9828	9737.5	10757.5	9304.5	12253	6631	12428	11294	9530	9676.5	11454	11185	12503	7541.5
10	92	2	"Anti-human IgG 1.5625ng/ul"	"Control"	148.5	193	187	172	284	237	245.5	231.5	96.5	154	143	193.5	165	167	115	194.5	166	152	190.5	261	214.5	181.5	165.5
10	92	3	"IgG488/594"	"Control"	386	453	413	525	714	506	521	519	337	472.5	436.5	569	488	496	273	476	487	346	497.5	500.5	528	462	352
10	92	4	"Anti-human IgG 6.25ng/ul"	"Control"	558	723	651.5	731	964.5	818.5	831.5	1158.5	434	523.5	639	757	630	670.5	374.5	677.5	733.5	541	691	840.5	838	559.5	586.5
10	92	5	"GST 10ng/ul"	"Control"	50	42.5	54.5	50	182.5	89.5	134.5	170	50.5	60.5	46.5	53	48	51	44.5	47.5	47	49.5	43.5	57	50	46	39.5
10	92	6	"Anti-human IgG 25ng/ul"	"Control"	2184.5	2845	2557.5	2853.5	2980.5	3227	2831.5	3195	1620.5	2333.5	2305.5	2935	2353	2631	1578.5	2589	2538.5	2220.5	2593	3569.5	3063.5	2415	2162.5
10	92	7	"GST 50ng/ul"	"Control"	38	35.5	42.5	38.5	56	40.5	44	52	44.5	33	43.5	45	41.5	46	42	40	41	42.5	39	41	38.5	37	31.5
10	92	8	"Anti-human IgG 100ng/ul"	"Control"	7106	8057.5	8060.5	8440.5	10478	9305.5	8900.5	9427	5530	7439	8512.5	9726	8697.5	8416.5	5982	8970	8510.5	7167.5	8912	11433.5	10442	8470	6201.5
10	92	9	"GST 100ng/ul"	"Control"	46.5	39.5	41	42.5	54.5	56.5	46	43.5	52.5	38	45	47	45.5	41.5	43	39	41.5	39	43.5	43	43	44.5	36.5
10	92	10	"hMDM2"	"Control"	201.5	51	47.5	82.5	73	53	71.5	85	151	37	61.5	54	127.5	52	71.5	111.5	56.5	47	238.5	105	126	167.5	79
10	92	11	"GST200n"	"Control"	46	46.5	51.5	47.5	55.5	45.5	54.5	55	59.5	40.5	53	52.5	60.5	50	44.5	49	46	48	83	55	53	53.5	47
10	92	12	"RanBP2deltaFG"	"Control"	77	84	45.5	294	77.5	58	278.5	59.5	91	700.5	443	123.5	55	194	47	48	78	47.5	116.5	58	79	55	45.5
10	92	13	"Mouse-anti-biotin"	"Control"	34	37.5	36	46	42.5	39	45	36.5	41.5	31.5	45	39.5	42	39	40.5	40	32	38.5	38	45	33	39	32
10	92	14	"human IgG 1.5625ng/ul"	"Control"	282.5	396.5	347.5	372.5	532.5	503.5	460.5	510	261.5	348	382	361.5	384.5	395	272	401.5	358	381.5	323.5	503.5	372	406.5	294
10	92	15	"Rabbit-anti-biotin"	"Control"	69	70.5	79	70.5	188.5	130	262	451	68	120	81.5	86	82	103	66.5	84	97.5	78.5	96	82.5	97.5	71.5	86
10	92	16	"human IgG 6.25ng/ul"	"Control"	1278	1456	1386	1415	1922	1825	1712	2106	954	1344	1361	1584	1406.5	1517	923	1420	1130	1106.5	1467	1781	1620	1368	1101
10	92	17	"Biotin-BSA"	"Control"	35	44	39.5	41	54	128	170	220.5	50	47.5	42.5	47	45.5	43	42.5	41	41	41	38	44.5	42.5	36	36
10	92	18	"human IgG 25ng/ul"	"Control"	4614	5308.5	4694	4973	5063.5	6089.5	6365	6376	3103	4635	4863	5120	5014.5	4834.5	3640.5	5282.5	5032	5012.5	4787	6540.5	5512	4747.5	3803
10	92	19	"BSA"	"Control"	56.5	141.5	79	178.5	123.5	921.5	55	57.5	48	52.5	48.5	63	42.5	46.5	50	43.5	50.5	41.5	50.5	50.5	48.5	40.5	48.5
10	92	20	"human IgG 100ng/ul"	"Control"	16050.5	15733	16807	15703	19310	20642.5	19648.5	20132	10350.5	16803	15652	17578.5	16013.5	17428	9908	17270.5	17191	15667	16627.5	20779.5	18479	17047.5	13092
10	92	21	"Anti-human IgA"	"Control"	78	51.5	72	75.5	61.5	51.5	110	56.5	73.5	67.5	61	51.5	68	55	46	55	60	51	57.5	56	63.5	58.5	46
10	92	22	"Human IgM"	"Control"	601	700	692.5	540	747.5	792.5	797.5	858.5	520.5	576.5	641	622	674.5	744.5	495.5	710.5	682.5	642.5	720.5	834.5	730.5	684.5	549.5
10	92	23	"Mouse IgM"	"Control"	48.5	59	59.5	53	56.5	62.5	70.5	58.5	48	53.5	48	57	58.5	55	45.5	59.5	52	52.5	53.5	57	52	54.5	49.5
10	92	24	"Buffer"	"Control"	35.5	33	35.5	35	36	35.5	36.5	39.5	39	34.5	34	38.5	38	33.5	43	33	34.5	34.5	36	39.5	34.5	32	29.5
10	92	25	"H1"	"Control"	54	404	153.5	57.5	72	47	95.5	58	165	57	115	60	78	97.5	121.5	56.5	83.5	66	131	131	113.5	106	126
10	92	26	"Buffer"	"Control"	36.5	38.5	36.5	32.5	47.5	35	38	38	40	39	40	38	38.5	37	43	33	36	40	37	38	36.5	39	37
10	92	27	"H2(A+B)"	"Control"	66	61.5	108.5	74	55	59.5	79	62	113	68.5	89	56	89.5	85.5	111	55.5	95.5	80.5	77	107	93.5	81	94
10	92	28	"Buffer"	"Control"	35	30.5	33	31.5	32	35	34	31	33.5	30	40.5	38.5	33	35	44	30	34.5	32.5	32.5	35.5	33.5	35	32.5
10	92	29	"H3"	"Control"	49	44	127	43.5	55	43	77	48.5	146	41.5	75.5	54.5	74.5	57	95	49.5	84	56.5	128.5	125	128.5	74.5	130
10	92	30	"Buffer"	"Control"	36.5	33.5	32	35	41	36	38.5	37.5	42.5	34.5	37	37.5	35.5	36	39	32	35.5	36	37	30	32	34	30
10	92	31	"H4"	"Control"	64	50.5	119.5	59	77.5	46	88.5	480	175	63	172	76	101	107.5	117	71.5	121.5	88.5	128.5	131.5	131	117	165
10	92	32	"ERa"	"Control"	45	43	48	48.5	133.5	36	48	41.5	81.5	45.5	50.5	48	61.5	43.5	45	53.5	40.5	52.5	84	40	51	40	40.5
11	92	1	"Rhodamine+IgG647"	"Control"	12513.5	11668	9033.5	12109	12984	12700.5	11101	14519	5191	10493.5	9528	11798.5	11495.5	11751	5908.5	10919.5	11311.5	10635.5	10408.5	12783.5	10403	14545.5	8203.5
11	92	2	"Anti-human IgG 1.5625ng/ul"	"Control"	171	173.5	183.5	205.5	256	224.5	239.5	220.5	115	161	158.5	192	192.5	166	104	190.5	193	136	170	223.5	171.5	183.5	104.5
11	92	3	"IgG488/594"	"Control"	487.5	530.5	515	653.5	701	665	687	717	385	473	550	631.5	556.5	607.5	257.5	586.5	617	471.5	636	646.5	668.5	508.5	501.5
11	92	4	"Anti-human IgG 6.25ng/ul"	"Control"	628	643	669.5	697	864.5	885	911.5	1097.5	326	654	679.5	746	714	694	403.5	688	688	555.5	770	891.5	721.5	571	517
11	92	5	"GST 10ng/ul"	"Control"	75	77	80	71.5	148.5	101	121	132	53	70.5	71	80	85.5	84	60	74	88	69.5	76.5	76.5	84	73.5	62
11	92	6	"Anti-human IgG 25ng/ul"	"Control"	1990.5	2266.5	2282	2566.5	2882.5	2656	2910	2544	1292.5	2000	2226.5	2536	2543	2218	1454	2322	2166	2141	2373	2872.5	2484	2169	1662.5
11	92	7	"GST 50ng/ul"	"Control"	43	40.5	45.5	43.5	49.5	42	47	55	44.5	45	50.5	46	44.5	48	44	41	42	42	46	47	50.5	42	40.5
11	92	8	"Anti-human IgG 100ng/ul"	"Control"	6517	8872.5	7928.5	8151	9590.5	8713.5	10150.5	9912.5	5261.5	7217	8642	8583.5	8259	8703	5839.5	9781	8065	8180.5	8274	12117.5	9963	7094.5	6434.5
11	92	9	"GST 100ng/ul"	"Control"	45	41.5	38	43.5	52	43	48	39.5	51.5	37	46	46	47.5	44.5	47	40.5	41.5	42.5	45.5	44	42.5	47	39.5
11	92	10	"hMDM2"	"Control"	217	48.5	46.5	77.5	73	45	77.5	70.5	116.5	35.5	59.5	51	139	61.5	60.5	88	54	54.5	235	108	104.5	162	69
11	92	11	"GST200n"	"Control"	57	45	44.5	43.5	60.5	41.5	51.5	47.5	50	42.5	55.5	40.5	50	45.5	31.5	52	49	53	55	59	48.5	49	41
11	92	12	"RanBP2deltaFG"	"Control"	70.5	85.5	43.5	260	79.5	53.5	236.5	57.5	84	605	382	87.5	49.5	175	40	53.5	70.5	47	102.5	54.5	75.5	63	43.5
11	92	13	"Mouse-anti-biotin"	"Control"	45	43	42	46	50	46.5	46	66	36.5	43	42.5	42	44.5	40.5	42.5	42.5	38.5	42.5	38	46	44	40.5	39
11	92	14	"human IgG 1.5625ng/ul"	"Control"	347.5	343.5	345	317	461.5	464.5	508.5	431	181.5	333	362.5	338.5	416.5	334.5	272	404.5	346	345	372	428.5	345.5	357	234.5
11	92	15	"Rabbit-anti-biotin"	"Control"	129.5	138.5	124.5	97.5	160.5	180	154	182	77	118.5	118.5	118	131.5	160.5	99.5	142	112.5	90.5	77	121	109	123	88.5
11	92	16	"human IgG 6.25ng/ul"	"Control"	1209.5	1228.5	1306.5	1195	1698.5	1459.5	1609	1722.5	726	1173	1173.5	1439	1414.5	1491.5	891.5	1411	1411.5	1275	1319.5	1594	1355	1319	960
11	92	17	"Biotin-BSA"	"Control"	46.5	44	46.5	47.5	61.5	51	104	116.5	47.5	46	46	48	43	47.5	43.5	45	40.5	49.5	44	46.5	42	43.5	44.5
11	92	18	"human IgG 25ng/ul"	"Control"	4101.5	4953.5	4297	4199	5819	5509.5	5626.5	5515	2266	4374.5	4385.5	3397	4747	4901.5	3174.5	5097.5	4852.5	4724	4755.5	5804	4447.5	4815.5	3388.5
11	92	19	"BSA"	"Control"	49	86.5	60.5	97	122	408.5	79.5	55.5	46.5	49	45.5	50.5	50.5	50	54.5	46.5	48	51.5	46	52	45.5	46.5	44
11	92	20	"human IgG 100ng/ul"	"Control"	14872.5	16218	15700	13768.5	18373	18517	18970	18944.5	9856	15403.5	12902.5	17895.5	16148.5	17955	11338	17043	17674.5	16436	16074	19544	17456	16153	11077.5
11	92	21	"Anti-human IgA"	"Control"	76.5	65	84.5	71	65	55.5	85.5	59.5	67.5	68.5	61	56.5	72.5	61	51.5	53	72	55.5	58.5	60	66	65.5	54
11	92	22	"Human IgM"	"Control"	580.5	574	570.5	575	783.5	730.5	713.5	710.5	512.5	616.5	626.5	637	756.5	738.5	518.5	687	648.5	637	706.5	575	722.5	722	448.5
11	92	23	"Mouse IgM"	"Control"	35.5	36	32	34.5	41	36.5	49	34.5	45	31	38	37.5	37	41.5	40	37	35	37	34.5	37.5	38	36	29.5
11	92	24	"Buffer"	"Control"	35	37	34	34	40	34.5	34	38.5	46.5	33.5	37	41	33	36	38	35	37	33.5	33.5	34.5	40.5	36	29.5
11	92	25	"H1"	"Control"	55.5	313.5	114.5	56.5	82.5	49.5	65	58.5	156	64.5	92	58	85.5	105.5	100.5	55	85	71	132	128.5	104	96.5	129
11	92	26	"Buffer"	"Control"	35	41.5	35.5	37.5	40.5	34.5	36	40.5	38.5	36.5	39	37.5	41.5	42	36	31	37	37.5	33	40	34.5	37	33
11	92	27	"H2(A+B)"	"Control"	43.5	41	70.5	53	51	41.5	62	41.5	81	44	44.5	48	66	63.5	78.5	42.5	69	59.5	48	69.5	65.5	61	77
11	92	28	"Buffer"	"Control"	33.5	30.5	33.5	31.5	39	30.5	39.5	31	40	30.5	32.5	38	35	37	40	31	30	34.5	34	40.5	30.5	33	34.5
11	92	29	"H3"	"Control"	62	66	127.5	71.5	91	54.5	109.5	83	169	78	111	93	104.5	109.5	108.5	60	94.5	90	139	134.5	130	108.5	130.5
11	92	30	"Buffer"	"Control"	49.5	52	55	45.5	66.5	49	64.5	58	47	47.5	54.5	52	52	60	57	51	48	50	58.5	67	50.5	55	47
11	92	31	"H4"	"Control"	56.5	43	109.5	43.5	77	42	83	392	186	63	162	69.5	77	93.5	109	74	103.5	65	122.5	169	130.5	91	144.5
11	92	32	"ERa"	"Control"	36.5	42	40.5	41	94	37	49.5	46	106.5	41	46.5	42	44	50	45	49.5	42	46	58	48	52	42	39.5
12	92	1	"Rhodamine+IgG647"	"Control"	10921.5	12053	9651	9231	13543.5	13471.5	11735	12703	7714.5	11979.5	10224.5	13392	11159.5	13618.5	7477	11512	12893.5	11670.5	12777	14783.5	10851.5	13287	8938
12	92	2	"Anti-human IgG 1.5625ng/ul"	"Control"	155.5	174	155	178	219.5	201.5	209	196.5	131	158	171.5	148	181	193.5	96.5	173.5	155.5	176	173	190	205.5	169	147.5
12	92	3	"IgG488/594"	"Control"	535	506.5	563.5	530.5	678.5	571	659.5	582.5	423.5	531	500	523	520.5	707.5	306.5	595	565	441.5	626.5	672.5	707	595.5	416
12	92	4	"Anti-human IgG 6.25ng/ul"	"Control"	1018.5	1442.5	1241.5	992.5	1343.5	1494	1901.5	2109	1232	1450.5	1426	1306.5	1626	1513.5	794.5	1597.5	1151.5	1295	1565.5	1906	1710.5	1420	1222.5
12	92	5	"GST 10ng/ul"	"Control"	42.5	45.5	42.5	39.5	88	55	58.5	96	49	47	49	48.5	43.5	42.5	35.5	39	42.5	40.5	46.5	47.5	43	42	42
12	92	6	"Anti-human IgG 25ng/ul"	"Control"	2297.5	2556	2331	2459	3136	2899.5	3004.5	2952.5	2069	2288.5	2369	2394	2556.5	2504	1575	2797	2672	2501	2601	3544.5	2630.5	2411.5	2018
12	92	7	"GST 50ng/ul"	"Control"	46	41.5	38.5	43	44	40.5	43	51	44.5	40.5	42.5	48	47.5	46	44	41	49	40.5	47.5	45.5	49	38	45.5
12	92	8	"Anti-human IgG 100ng/ul"	"Control"	7454.5	8424.5	7833.5	7140.5	10158	8875	9783	8769.5	6570	7210	7217.5	8036.5	9808	9021	5020	8739	7541.5	6702	6601.5	10470.5	9455	8117	6490.5
12	92	9	"GST 100ng/ul"	"Control"	46.5	46.5	46.5	43.5	44.5	40	40.5	44	48	41.5	44.5	47.5	58.5	46.5	44	46.5	47	41.5	53.5	56	51	47.5	36.5
12	92	10	"hMDM2"	"Control"	225.5	53	43	74	78.5	46	71.5	75	145	40	56.5	56.5	144.5	60.5	60.5	113	58.5	53.5	240.5	101.5	89	167.5	94
12	92	11	"GST200n"	"Control"	42	44.5	51	44	56.5	42.5	53.5	49	53	40	51.5	46.5	52	41.5	40	46	50	52.5	61.5	49	53	49	41.5
12	92	12	"RanBP2deltaFG"	"Control"	63	60	43.5	228	76	47.5	239.5	59.5	82	657.5	401.5	105.5	66	164	46.5	50	67	50.5	104.5	56	92.5	63	37
12	92	13	"Mouse-anti-biotin"	"Control"	46	42	39.5	47.5	47	45	45	69	45.5	43	44.5	42.5	49	47	42.5	41.5	47	41.5	48.5	42.5	48	43.5	41.5
12	92	14	"human IgG 1.5625ng/ul"	"Control"	325.5	359	268.5	322	434.5	497.5	503.5	486	238	341.5	375	357	469	349	170.5	354.5	362.5	413.5	350.5	473.5	364.5	340.5	242
12	92	15	"Rabbit-anti-biotin"	"Control"	76	74	83.5	61	129	116	161.5	173.5	59.5	78	74.5	75.5	72.5	92.5	46.5	72.5	86	70.5	57.5	74	73	90.5	72.5
12	92	16	"human IgG 6.25ng/ul"	"Control"	1366	1329	1343	1199.5	1681.5	1650	1818.5	2028	758.5	1281.5	1271	1397.5	1492	1505	653	1032.5	1471	1398	1365	1658.5	1475.5	1440	807
12	92	17	"Biotin-BSA"	"Control"	47	50.5	57	52.5	180	138.5	245.5	305.5	51	48.5	46	55.5	48.5	58	43	34.5	53	44	46.5	47	46.5	46.5	34.5
12	92	18	"human IgG 25ng/ul"	"Control"	4758.5	5084.5	4662.5	4582	6486	6176.5	6759	6379.5	3747.5	5064	5064	5160.5	5964.5	5518.5	3267.5	5044	5514	4934	4704.5	6225.5	5373.5	5997	3573
12	92	19	"BSA"	"Control"	60.5	61.5	63	55.5	165.5	171.5	88.5	72	57	58.5	51.5	63	54	54.5	51.5	52.5	67.5	56.5	66	63	55	52	52.5
12	92	20	"human IgG 100ng/ul"	"Control"	15521.5	14401	15767.5	14140	21632	20083	21329	20275.5	14284	15939	15722.5	17514	18599.5	18059.5	11485.5	18012.5	17274	17880	15230	19631.5	17390	17998.5	12211
12	92	21	"Anti-human IgA"	"Control"	83.5	64.5	72.5	87	69	61	120	62	88.5	72.5	68	66	74	65	51.5	60.5	75	57	53.5	67.5	70	71	60.5
12	92	22	"Human IgM"	"Control"	628.5	599	602	580	813	735.5	779	769.5	392	700	714	691	703	694.5	473.5	689.5	753	671.5	621.5	802.5	538	849.5	539.5
12	92	23	"Mouse IgM"	"Control"	32	34.5	34.5	29	35	32.5	45.5	34.5	35	32.5	33.5	34	33	40	33.5	33.5	36	36.5	32	43	32.5	32.5	33
12	92	24	"Buffer"	"Control"	32	31	33	28.5	33.5	33.5	38.5	38.5	32.5	33	36	38	33.5	38.5	37	34	31.5	34	33	40	35.5	30	32.5
12	92	25	"H1"	"Control"	85	292	142	63	89	53	89.5	63	179.5	53.5	99	88	92.5	107	117.5	50	101	98	145	154.5	109	101.5	138.5
12	92	26	"Buffer"	"Control"	34	33	32.5	28.5	35.5	32.5	34.5	39.5	33.5	30	42.5	35.5	37	35.5	40.5	32	35	38	35	34	33	32.5	37
12	92	27	"H2(A+B)"	"Control"	48	39.5	77.5	44.5	52	36	65	42.5	93.5	39	88	48.5	56	52.5	63	46.5	61	50.5	60	61	57.5	60.5	68.5
12	92	28	"Buffer"	"Control"	36.5	39	32	33	40	36.5	42	34.5	47.5	32	129	39.5	39	38	38.5	38	34	33.5	34	35	38	30.5	36
12	92	29	"H3"	"Control"	64	47.5	118	36.5	47.5	50	105	58	176.5	46	126.5	61.5	87	71.5	87	61	76	77.5	134	109.5	106	95	154.5
12	92	30	"Buffer"	"Control"	39	38.5	32.5	33	38.5	36.5	43.5	36	42	35.5	40.5	39.5	39.5	39.5	44	35	39	36.5	33	37.5	35	39	37.5
12	92	31	"H4"	"Control"	52	43.5	119	52	80.5	39.5	88.5	470.5	182.5	61	139	74.5	91.5	101	112	63	116	67	128	153	138	89	172.5
12	92	32	"ERa"	"Control"	73.5	58	87.5	52	190.5	65.5	110	77.5	159	54.5	82	66	75	93.5	61	98	86.5	65.5	119.5	76	125.5	78	86
13	92	1	"Rhodamine+IgG647"	"Control"	11528.5	8555.5	7342	12257	14615.5	8689.5	10461.5	10187	4892.5	9514	9103.5	10264.5	10520	11645	4533.5	9691	6722.5	7177.5	8426	11599.5	9818.5	9748.5	6522
13	92	2	"Anti-human IgG 1.5625ng/ul"	"Control"	187.5	131	146.5	226.5	318.5	143.5	214.5	162	105.5	155	154.5	172.5	179.5	197	89	162.5	116.5	111.5	169	233	181.5	114	134.5
13	92	3	"IgG488/594"	"Control"	470	471	360	599.5	674.5	418	626	525.5	268	429.5	390	434	459.5	500	205.5	407	286.5	289.5	491.5	472	532.5	425.5	364
13	92	4	"Anti-human IgG 6.25ng/ul"	"Control"	559	463	458	733.5	867.5	487.5	664.5	811	336.5	524.5	474	563.5	527	628.5	251	519	406	349	512.5	731.5	608.5	378.5	391
13	92	5	"GST 10ng/ul"	"Control"	42.5	37.5	38	44	74.5	44	45.5	49	43	41	40	42	41.5	41.5	36.5	38	36.5	35	38	47.5	42	38.5	33.5
13	92	6	"Anti-human IgG 25ng/ul"	"Control"	2427	2086	1877.5	2965.5	3574	2240.5	2613	2251	1203.5	1988.5	1866	2234.5	2225	2378	1112	2234	1683	1541	2235.5	3004.5	2906	1678.5	1579
13	92	7	"GST 50ng/ul"	"Control"	40.5	37	40.5	45	46.5	39.5	42.5	38.5	38.5	37.5	41.5	43.5	43.5	40.5	37.5	39.5	37.5	34	38.5	44	35	34.5	36.5
13	92	8	"Anti-human IgG 100ng/ul"	"Control"	8542.5	7094.5	7018	10183	11887	6932.5	8927	7796	4196.5	6311	6658	8173.5	7190	8524	4238	8533	5854	5600	7966.5	11588.5	10050	6025.5	6522.5
13	92	9	"GST 100ng/ul"	"Control"	47.5	42	38	46.5	49	36	40.5	37	39	36	41.5	41	43.5	45.5	38	42	35.5	36.5	41.5	42	45	37	42
13	92	10	"hMDM2"	"Control"	218.5	49.5	46.5	96.5	82.5	47.5	62.5	84	128.5	35.5	59.5	53.5	123.5	55	47.5	140.5	43.5	45	224.5	123	107	112	82.5
13	92	11	"GST200n"	"Control"	60.5	44	47.5	54.5	72	40	45.5	42	46.5	40	53	55	45	57	40.5	53.5	41	45.5	57	60	61	47.5	41
13	92	12	"RanBP2deltaFG"	"Control"	118	81.5	50	278.5	118	54	291.5	67.5	79	618.5	442.5	128.5	57	183.5	51	56.5	66.5	55	113	67.5	111	59.5	48
13	92	13	"Mouse-anti-biotin"	"Control"	48.5	38	38.5	50	48	39.5	43	54	39	41	37.5	43	42.5	44	35.5	40	32.5	39.5	39	47	41.5	37	34.5
13	92	14	"human IgG 1.5625ng/ul"	"Control"	345	352.5	290	489	500	369	515.5	349	170	313.5	256.5	358	351	451	186	394.5	260.5	276	293.5	545.5	381.5	317	287.5
13	92	15	"Rabbit-anti-biotin"	"Control"	107	72	75	95.5	123.5	79.5	124.5	116.5	53.5	70	78.5	81	72	124	55	90.5	68	64	53	85	67.5	75	73.5
13	92	16	"human IgG 6.25ng/ul"	"Control"	1384.5	1176.5	1221.5	1626	1794.5	1219	1434.5	1507.5	719.5	1276	1218.5	1540	1242.5	1577.5	683.5	1384.5	1093.5	958	1273.5	1891	1540.5	966	1105.5
13	92	17	"Biotin-BSA"	"Control"	41	37.5	36.5	45	47.5	37	168	163.5	43	45.5	45	47	41.5	46	38	42	33.5	34	38	46	40.5	35.5	38.5
13	92	18	"human IgG 25ng/ul"	"Control"	5138.5	4661	4268.5	5942.5	6387.5	4589.5	6349.5	5312.5	2481.5	4429	4793	6120.5	4599.5	5814.5	2831.5	4839.5	3870.5	3718.5	5003	7498	5328	4040	3915
13	92	19	"BSA"	"Control"	54	76	48	164	88.5	496	57.5	52	41.5	50	45	53	45	52.5	40.5	40.5	39	39.5	48.5	52.5	47	39.5	44
13	92	20	"human IgG 100ng/ul"	"Control"	16485.5	14757	13670.5	18698	20456	14616	18943	15361.5	6183.5	13985.5	13272.5	20735.5	14606	17019	9389.5	15990	12565.5	11554.5	14825.5	22525	18224	13055.5	13030.5
13	92	21	"Anti-human IgA"	"Control"	98.5	65	80.5	91.5	78.5	57.5	117.5	78.5	65.5	71.5	62.5	71.5	73.5	64.5	48	57	64.5	55.5	72	65	70.5	56.5	57.5
13	92	22	"Human IgM"	"Control"	698	567	513	751.5	818.5	629	701	637	425.5	630.5	568	761	633.5	731.5	432	724.5	487	468.5	723.5	966	816.5	582	657
13	92	23	"Mouse IgM"	"Control"	46.5	40.5	39.5	45.5	43.5	39.5	54.5	39	43	36	46.5	41	42	41.5	36.5	44.5	32	35	41	44	41	38	41
13	92	24	"Buffer"	"Control"	34	35.5	31.5	38	39.5	31	36	37	43	33	40	37	32.5	35.5	36	29	31	31.5	33.5	39.5	39.5	34.5	35.5
13	92	25	"H1"	"Control"	77	374.5	101	62	80	63	93.5	52.5	128	59	101.5	63.5	74.5	127.5	95	57	70	52	106	170	122.5	77	136
13	92	26	"Buffer"	"Control"	38	30.5	31	34.5	34.5	30.5	34	33.5	40.5	31.5	33.5	35.5	33.5	37	33.5	32.5	30	30.5	30.5	37	31.5	30	37.5
13	92	27	"H2(A+B)"	"Control"	44	37	70	51.5	44.5	38.5	56	36.5	75	39	65.5	50.5	59	60.5	75.5	39.5	49.5	42.5	64.5	74.5	51.5	49	63.5
13	92	28	"Buffer"	"Control"	35.5	32	32.5	37.5	34	31.5	31	30.5	31.5	29.5	33	36	35.5	36.5	33	31	29.5	31.5	31.5	33.5	28.5	33	34.5
13	92	29	"H3"	"Control"	52	42.5	119	44.5	57.5	41	90	43.5	107	47	84	50.5	72	83.5	58	50	80.5	53	115.5	116	116.5	86	85
13	92	30	"Buffer"	"Control"	33.5	34	33	34	34	30.5	37.5	31	38	31.5	38	34	31.5	31.5	35.5	29.5	30	29	32	33.5	32.5	29.5	31
13	92	31	"H4"	"Control"	73.5	43	141.5	54.5	78.5	45.5	114	449	144.5	70	161.5	59.5	77	103	102	65	101	70.5	127.5	166	118	95	193
13	92	32	"ERa"	"Control"	43	41	47	48	123	36	54.5	37	59	43.5	50	44.5	49	50	43.5	54.5	35.5	47	76.5	53.5	62	41.5	53.5
14	92	1	"Rhodamine+IgG647"	"Control"	10795.5	9746	9396	12300.5	13744	10504.5	10276.5	11991.5	4912.5	10188	9118.5	10226	8957	12271.5	6047	10508.5	8243	7877.5	9745	12706.5	11655.5	10287	8634
14	92	2	"Anti-human IgG 1.5625ng/ul"	"Control"	214	136.5	157.5	262	324.5	175	216	213	94.5	171.5	161.5	176	163.5	209	90.5	197.5	148	116.5	197	288	246.5	114.5	166
14	92	3	"IgG488/594"	"Control"	506	437	431	545.5	797	481	607	446.5	276	444.5	446.5	484.5	359	514.5	243	449	361	306	576	517	539.5	398.5	442
14	92	4	"Anti-human IgG 6.25ng/ul"	"Control"	623.5	563	436.5	834.5	811	566	858	607.5	306	576	640.5	680.5	615	715.5	408	613	520	492	673.5	965	769	493	683.5
14	92	5	"GST 10ng/ul"	"Control"	46	42	44	50	60.5	51	74	64	49.5	44.5	48.5	43.5	44.5	49.5	42.5	45.5	39.5	37.5	40	51	44.5	43.5	42
14	92	6	"Anti-human IgG 25ng/ul"	"Control"	2451.5	2258	1946	3078.5	3466.5	2367	2850.5	2427	1263.5	2202	2345	2678.5	2518.5	2512.5	1363.5	2588	2049.5	1742.5	2526.5	3514.5	3094	1840	2622
14	92	7	"GST 50ng/ul"	"Control"	38.5	37	40	42.5	47	33	37.5	40	38	35.5	37.5	42	43.5	42.5	42	41.5	36	34.5	44.5	38.5	39.5	40	39
14	92	8	"Anti-human IgG 100ng/ul"	"Control"	8240.5	7651	7671	10955.5	11287	7486.5	9753	9062	4680	7239	8681	9008.5	8493	9430.5	4924.5	8518	6872.5	6444.5	7343.5	9803	10364	6828.5	7881
14	92	9	"GST 100ng/ul"	"Control"	44.5	37.5	39	44.5	50.5	36	39	34	42.5	38.5	44.5	42.5	46.5	39	36	41.5	36.5	34.5	52.5	46	41.5	41.5	36.5
14	92	10	"hMDM2"	"Control"	229	47.5	45	75	65.5	40.5	71.5	66	108.5	36	61	49	148	63	62	142.5	44.5	45.5	214	139.5	127	118.5	105
14	92	11	"GST200n"	"Control"	47	48.5	44.5	49.5	58.5	39	49	46.5	47	42	52	51	67.5	48	42	53.5	38.5	42.5	53	58.5	62	42.5	46.5
14	92	12	"RanBP2deltaFG"	"Control"	77	78.5	44	328.5	89.5	52	270.5	63.5	70.5	672.5	435.5	90.5	61	189	42	48.5	58	45.5	117.5	55	97	47	46
14	92	13	"Mouse-anti-biotin"	"Control"	46.5	39.5	40	48.5	49	35.5	45.5	41	43.5	35.5	45	43.5	48	42	35	35.5	32	36	39	45.5	39.5	41	41.5
14	92	14	"human IgG 1.5625ng/ul"	"Control"	368	360	309	439.5	513	316.5	428	310.5	218	304.5	400	341	407.5	346	230	284	251.5	283	342.5	511	409.5	304.5	303.5
14	92	15	"Rabbit-anti-biotin"	"Control"	68	69.5	59	74.5	77	65.5	145	141	57	78	71.5	67	75.5	82	55	69	57.5	61.5	52.5	84	81	57	71.5
14	92	16	"human IgG 6.25ng/ul"	"Control"	1321	1183	1330.5	1600.5	1889	1286	1746.5	1717.5	700	1326.5	1359	1400	1461	1587.5	770	1367.5	1114.5	1077	1388.5	1789	1491	1098	1292.5
14	92	17	"Biotin-BSA"	"Control"	41	40	38	38.5	48	34	403	196.5	56.5	64	64.5	60.5	68	56	46	53	40	51	49	66	43.5	50.5	49
14	92	18	"human IgG 25ng/ul"	"Control"	4785.5	4555.5	4355.5	5599	6493.5	4829	5911	5323.5	2585.5	4532.5	4895	5064.5	4782.5	5294	2441.5	5276	3880.5	3917.5	4852.5	6939	5300.5	4019	4281
14	92	19	"BSA"	"Control"	69.5	132	65.5	170	151	408	108	74.5	52	53.5	48.5	58.5	44.5	52	40.5	45	46.5	42.5	46.5	60	52.5	42.5	52
14	92	20	"human IgG 100ng/ul"	"Control"	16478	14907.5	15267	18696.5	22006.5	15371.5	21651	18520	7572	16084.5	14557	17309.5	15683	17499	9655.5	15432.5	13850	12495	16169	20553	19204	12783	14842.5
14	92	21	"Anti-human IgA"	"Control"	71	50	66.5	93.5	70.5	52	121	49	61	60.5	60	58.5	64.5	53.5	46.5	53.5	49	43	54	55.5	60	53.5	50.5
14	92	22	"Human IgM"	"Control"	647.5	539.5	574	675	838.5	607.5	834	672	441	497.5	551	641	675.5	667	397	646.5	502	491	683	774.5	697	571	651.5
14	92	23	"Mouse IgM"	"Control"	54	48.5	49.5	56	56	48.5	66	55.5	49.5	47.5	51.5	54.5	53.5	52.5	49.5	55.5	44	44.5	48.5	63.5	52.5	47	49
14	92	24	"Buffer"	"Control"	36	33	33	36	36	32.5	34	35.5	37	31.5	36.5	34	35.5	34.5	34	33	29	31	35.5	34.5	32	29.5	32.5
14	92	25	"H1"	"Control"	63.5	372	103	60	71	42	69	50	141	62	69	56.5	96.5	95.5	74.5	69	69.5	58.5	115.5	144.5	82	84.5	150
14	92	26	"Buffer"	"Control"	35	35	38	35.5	39	35	38.5	41.5	37.5	33.5	40.5	39	37.5	33.5	37.5	37.5	35	35.5	32	36.5	36.5	34	33.5
14	92	27	"H2(A+B)"	"Control"	61.5	56	92.5	83	66.5	58.5	89.5	56.5	87.5	62.5	93.5	53	85.5	89	84	58	63	71	83	107	91.5	88	124
14	92	28	"Buffer"	"Control"	36	31.5	31.5	37.5	36.5	29.5	35	34	35.5	30.5	36	34	35.5	31.5	36.5	31.5	28.5	29.5	31	31.5	30	30	31.5
14	92	29	"H3"	"Control"	53.5	43	84	51	48.5	35.5	70.5	50.5	105	45.5	73	44	72.5	66	63	54.5	69.5	49.5	94.5	113.5	112	60.5	130.5
14	92	30	"Buffer"	"Control"	36.5	29	36	37.5	36.5	30	35.5	29	39	32	35	36.5	33.5	35.5	34	36	29	34	33	38	34.5	33.5	33.5
14	92	31	"H4"	"Control"	65.5	51.5	92	54.5	73.5	36.5	89	397	159	68	164.5	58	91	109	86	69.5	100.5	67.5	111.5	152.5	123.5	85.5	176.5
14	92	32	"ERa"	"Control"	39	42	44	46	63.5	36.5	55	41	65	43.5	48.5	44.5	50.5	44	39	47	37.5	39	65.5	45.5	66.5	39	46
15	92	1	"Rhodamine+IgG647"	"Control"	12546.5	10376	9273.5	10148.5	12950	9345.5	10619	11118	4718	10634.5	11093	11945.5	10740.5	14741.5	6111	10217.5	7847.5	9434.5	10805.5	13595	10840	11161	7917
15	92	2	"Anti-human IgG 1.5625ng/ul"	"Control"	188	186	171	217.5	271	154	234	205	111.5	154.5	143.5	156.5	186.5	163.5	95.5	182.5	151.5	118.5	197.5	255	209	115	157
15	92	3	"IgG488/594"	"Control"	555.5	533	486	668	777.5	475.5	585.5	621.5	357	498	529	642	583	586	306	516	413.5	278.5	600.5	638.5	654.5	384.5	568
15	92	4	"Anti-human IgG 6.25ng/ul"	"Control"	641	583	629	727.5	1003	636	841	847	372.5	654	643.5	745	721.5	711.5	320.5	701	516	391	680.5	923.5	804	515.5	515
15	92	5	"GST 10ng/ul"	"Control"	81.5	74.5	78.5	78	111.5	71.5	112	102.5	52.5	72.5	80.5	83.5	73	75	57	76	58.5	63.5	74	123.5	72	67.5	69.5
15	92	6	"Anti-human IgG 25ng/ul"	"Control"	2015	2058.5	2193	2392	3199	2208.5	2674.5	2603.5	1245.5	2027.5	2167	2408	2171	2426.5	1308	2407	1745	1303	2470.5	3290	2623	1774.5	2098
15	92	7	"GST 50ng/ul"	"Control"	39	37.5	39.5	44	47.5	36.5	45	46	42.5	41.5	41	40.5	43.5	44.5	38	43	36	37	38.5	48	45.5	37	39
15	92	8	"Anti-human IgG 100ng/ul"	"Control"	7548.5	7919	7380.5	8631	10046.5	7349	9941.5	9011.5	4374	7638	9148	9091.5	9187	8882.5	4940.5	9436	6317.5	5819.5	8525.5	12036.5	9540.5	7073	7236
15	92	9	"GST 100ng/ul"	"Control"	43	41.5	42.5	39	52	38.5	37	42.5	44.5	36	52	40	51	45	35.5	39	38.5	38	46	48	44	44.5	42
15	92	10	"hMDM2"	"Control"	234.5	49	43.5	74.5	78	45	66.5	63	84.5	33	65	47	137.5	61	59.5	119.5	48	49	219	108	92.5	129.5	65
15	92	11	"GST200n"	"Control"	50	52.5	45.5	43	60	39.5	52	48.5	49.5	39.5	52.5	47	55	47.5	42	51	38.5	39	61	54	50.5	47	39.5
15	92	12	"RanBP2deltaFG"	"Control"	78	70.5	45.5	200.5	79	44.5	256.5	55	77.5	633.5	450	98.5	60.5	135.5	46	51	57.5	34	100	53	83	48.5	40.5
15	92	13	"Mouse-anti-biotin"	"Control"	40.5	43	37	45	46.5	36	43	52	35	38	47.5	43	51.5	44	36	43	33.5	34	36.5	45.5	41.5	38	41.5
15	92	14	"human IgG 1.5625ng/ul"	"Control"	318	309	300	384.5	446.5	325.5	427	437	190	327	389	339	406	351	193	394.5	297.5	175.5	308	573.5	359.5	323	309
15	92	15	"Rabbit-anti-biotin"	"Control"	144	118	115.5	122.5	180	133	204	316.5	70.5	159	116.5	132.5	129.5	174.5	87	131	102.5	61.5	90.5	141	125.5	117.5	125.5
15	92	16	"human IgG 6.25ng/ul"	"Control"	1258.5	1136	1211.5	1343	1857	1255	1714	1725	740.5	1331.5	1208.5	1331.5	1365	1501	822	1428.5	1114.5	962.5	1378.5	1813	1509.5	1204.5	1169.5
15	92	17	"Biotin-BSA"	"Control"	42	39.5	40.5	46.5	55.5	46	218	95.5	52.5	42	50	44	51.5	49	43.5	54.5	35.5	43	47	54.5	47	51	42
15	92	18	"human IgG 25ng/ul"	"Control"	4433.5	4526	4308	4588.5	5958.5	4464.5	5711	5251.5	2352.5	4569.5	4823.5	4367	4788.5	5144.5	2663	4345.5	3829.5	3346.5	4400.5	6636.5	3905.5	4035	4599
15	92	19	"BSA"	"Control"	52.5	97	62	110.5	116.5	282.5	68.5	62.5	55	55	45	55	49.5	51	48.5	50.5	47	44	43.5	52	44.5	39	50.5
15	92	20	"human IgG 100ng/ul"	"Control"	15081	14730.5	13682.5	16338	20622	13864.5	19616.5	18464.5	8859	17031.5	15835	16339	16430	18287	10035	17766.5	13919.5	11661.5	15157	21389	15852	13290	16522
15	92	21	"Anti-human IgA"	"Control"	82.5	63.5	71	83.5	67.5	54	89	61.5	70.5	71	65.5	73	74	65	47	57	57	49.5	61.5	60	66	54.5	63.5
15	92	22	"Human IgM"	"Control"	533.5	519.5	539.5	607.5	694	606.5	743.5	684.5	414.5	667.5	700.5	637.5	756.5	723	404	687.5	521	423	708.5	807	754.5	576	684
15	92	23	"Mouse IgM"	"Control"	33.5	34	34.5	34.5	36.5	30	49	39	37	31	38	37.5	37	36	35.5	34	33.5	30	32.5	40	33.5	32.5	35
15	92	24	"Buffer"	"Control"	33	33.5	30	37	40	30	36	36	41.5	30	35.5	35.5	36.5	32.5	32	33.5	27.5	33.5	31.5	37.5	39	33.5	36
15	92	25	"H1"	"Control"	74	365.5	101	62	75.5	42	82.5	52	128.5	55.5	106	55.5	89	69	65	64	70.5	63.5	99	118	114	72	151.5
15	92	26	"Buffer"	"Control"	39	34.5	36.5	42	44.5	33	40.5	34	39	36.5	34.5	39	40.5	35	34	33.5	34	32.5	36	37.5	35.5	34	36.5
15	92	27	"H2(A+B)"	"Control"	44	42.5	66	54	49.5	33	70	39.5	82	44.5	60.5	44	69.5	47	63	51	47	50.5	47.5	86.5	71	46.5	80.5
15	92	28	"Buffer"	"Control"	30.5	34	31	32.5	32	32	39.5	30	38.5	29.5	38	31.5	33	30	37.5	32	29.5	30	31	35	29.5	31	29.5
15	92	29	"H3"	"Control"	74.5	58.5	115	56	101.5	51.5	114.5	78	141	73.5	121.5	79.5	101	115.5	99.5	73.5	78	64	124.5	139.5	130	98	160.5
15	92	30	"Buffer"	"Control"	44	49	48.5	46	60.5	53.5	70	64	55.5	40	58	49.5	55.5	67.5	47	52.5	47.5	40	52.5	59	51.5	54	54.5
15	92	31	"H4"	"Control"	57.5	44.5	105.5	49	76	41	81.5	397	160	64	187.5	69	91	134.5	86	63.5	86.5	60.5	111.5	157.5	121.5	87	187.5
15	92	32	"ERa"	"Control"	41	39.5	43.5	43.5	71	33.5	52.5	41	71	42	52	50	56.5	45.5	38	61	36	35.5	72.5	46	48.5	39.5	46
16	92	1	"Rhodamine+IgG647"	"Control"	10755	12034.5	9089	9615	14672.5	10340.5	12814.5	12091	6716.5	13000	12016.5	13105	12563	13478	6846.5	13148	9093.5	9846	9721.5	13143.5	10385.5	11700	10714
16	92	2	"Anti-human IgG 1.5625ng/ul"	"Control"	150	142.5	158	149.5	265	164.5	226.5	223.5	113.5	179.5	187	178.5	188	213	114.5	188.5	148	150.5	183.5	241	213	148	211
16	92	3	"IgG488/594"	"Control"	478.5	508.5	457.5	527.5	753.5	538	633.5	664.5	418	523.5	543	555	579	639.5	249	623.5	404.5	403	624.5	607.5	638.5	584	620
16	92	4	"Anti-human IgG 6.25ng/ul"	"Control"	1398.5	1040	1215	1539.5	1975	892.5	1853.5	2016	1088.5	1685	1558	1603.5	1617	1703	779.5	1572.5	1170.5	1115.5	1481	2079	1679	1251.5	1492.5
16	92	5	"GST 10ng/ul"	"Control"	43	38	38.5	43.5	74	41	75	62	46	41	41.5	43.5	45.5	49	38	46.5	40.5	41.5	44.5	50.5	43.5	39	40
16	92	6	"Anti-human IgG 25ng/ul"	"Control"	2381.5	2406.5	2252.5	2655	3459	2413.5	3352	2832.5	1853.5	2677	2682	2329	3225	2770	1414	3181	1986	1987.5	2286.5	3642	3129.5	2251.5	2511.5
16	92	7	"GST 50ng/ul"	"Control"	40	36	40	40	49.5	38	41	44.5	45.5	38.5	43	43.5	46	45.5	37	47	40.5	36	41.5	47.5	41	39	42
16	92	8	"Anti-human IgG 100ng/ul"	"Control"	8103	7882	7110.5	8541	9739	6781.5	9884	9928	5824	8596.5	8560.5	7866	9938	8633.5	4880.5	10343	7536	6302.5	7823	12131.5	10658.5	6988.5	7601
16	92	9	"GST 100ng/ul"	"Control"	44	50.5	39.5	43	56	42	49	43.5	49	41.5	50	44	54.5	54	44	51.5	39	43.5	50	49	49	46.5	42
16	92	10	"hMDM2"	"Control"	222	49	41.5	66.5	67	45.5	68.5	73.5	126	42.5	66	54.5	150.5	61	58.5	149	46.5	45	222	123	101.5	134	84.5
16	92	11	"GST200n"	"Control"	42.5	40	44.5	43.5	54.5	39.5	53.5	51	58.5	46.5	59.5	44	76	50.5	40.5	49	39.5	41.5	51.5	53.5	42.5	49.5	49.5
16	92	12	"RanBP2deltaFG"	"Control"	79.5	79	41.5	246	76	47	230.5	64.5	72.5	720	338.5	99.5	67.5	164	45.5	52	63	44.5	101	56.5	86	49.5	44
16	92	13	"Mouse-anti-biotin"	"Control"	47	42.5	38	46.5	47	44.5	48	52.5	44	45	42.5	49	49	40.5	34.5	39	38	38	39.5	49	44.5	40.5	45
16	92	14	"human IgG 1.5625ng/ul"	"Control"	328	320	313	346.5	473	297	583	493	272	344	407.5	341	460	395.5	219	464	292	334.5	367.5	542	373	334	357.5
16	92	15	"Rabbit-anti-biotin"	"Control"	69.5	70	63.5	70	100	88.5	115	97.5	60	66.5	71.5	73.5	75	91.5	62	62.5	60	55.5	56	69.5	61	56.5	73
16	92	16	"human IgG 6.25ng/ul"	"Control"	1305.5	1266.5	1231	1273.5	1858	1222.5	1955	1772	950	1507	1374.5	1379	1694	1712.5	840	1523.5	1164.5	1102	1443	1776.5	1324.5	1240.5	1523
16	92	17	"Biotin-BSA"	"Control"	40	42.5	39.5	38	50.5	36	63	59.5	43.5	46	41	40	48.5	47	36.5	45	36	38	36	38.5	36	42.5	45
16	92	18	"human IgG 25ng/ul"	"Control"	4900	4855.5	4684	4829	6415	4431	7364	6095.5	3692.5	5420.5	5371.5	5633.5	6561.5	5789.5	3299	6393.5	4446	4337	4775.5	7550.5	5684	4746	5628.5
16	92	19	"BSA"	"Control"	84	76.5	104	79	476.5	163	57	63	50	63.5	50.5	61.5	61	60.5	44.5	55	49.5	46	48	58	49	45.5	54.5
16	92	20	"human IgG 100ng/ul"	"Control"	16125	14736	15738	14443.5	18736	15680.5	22040	17981	11351.5	18104.5	17034.5	18170.5	20516.5	19169	10501.5	20049.5	14723.5	14221.5	15219	21128.5	18825	15221	17764.5
16	92	21	"Anti-human IgA"	"Control"	95.5	69	69	97.5	63.5	56	109.5	75.5	71.5	75.5	71.5	84	86	63.5	50	67	70	57	61.5	67.5	72	59.5	87
16	92	22	"Human IgM"	"Control"	628.5	590	549	567.5	660.5	475	747	687	391	637.5	690	627	828	818	520	852	532	532	695.5	852	759	586.5	674.5
16	92	23	"Mouse IgM"	"Control"	32.5	32.5	34.5	35	38	33	45.5	33.5	35.5	35	38	39	40	41	32	33	31	32.5	31.5	38	31	32.5	32.5
16	92	24	"Buffer"	"Control"	33.5	31.5	32	31	36	32	38.5	31	43	33	33.5	36.5	36	34	31.5	35.5	31	32	32	32.5	35.5	33.5	34.5
16	92	25	"H1"	"Control"	70.5	271	100.5	57	85	42.5	102.5	54	139.5	76.5	112	70.5	108.5	132.5	86	74	81	69	133.5	143	107	103	188
16	92	26	"Buffer"	"Control"	30.5	35	34	31.5	35	30	35.5	36.5	29	38.5	35	39.5	39.5	35.5	37	34	31	29.5	29.5	39	33	29.5	35.5
16	92	27	"H2(A+B)"	"Control"	46.5	37	72.5	51.5	47	34	65.5	41	80.5	45	69.5	55	61	50	66	46.5	56.5	42	43	82	67.5	49.5	88.5
16	92	28	"Buffer"	"Control"	37.5	35	35.5	35	38.5	31.5	40.5	33	35	36	37.5	39.5	40.5	40	34	36	35.5	30	34	38	33.5	37	33.5
16	92	29	"H3"	"Control"	47.5	41	111	46	61.5	39	109	48	138.5	58	110.5	71.5	83.5	91	69.5	70	86.5	54	93.5	124.5	98.5	88	175
16	92	30	"Buffer"	"Control"	36.5	34.5	36.5	33.5	41	35	40	38	40.5	42	39.5	39	35.5	37	30.5	34	30.5	33.5	33	39.5	32	37	37.5
16	92	31	"H4"	"Control"	62	44	98.5	54	63	38.5	99.5	401	148.5	72	188.5	79	91	105	92.5	75.5	92	74.5	122	142.5	113.5	92.5	221.5
16	92	32	"ERa"	"Control"	98	79	89	61.5	189	59.5	89	83	123.5	89.5	89	72.5	85	96	63.5	96	79.5	63.5	156.5	102	85.5	76	109
17	44	1	"Rhodamine+IgG647"	"Control"	12578.5	7634.5	8728.5	14949.5	17378.5	9654.5	10448.5	11049.5	5380	10740	10015.5	10312.5	10015	12106	6190	9300	8069.5	6751	9765	11244	9856	8230.5	9763.5
17	44	2	"Anti-human IgG 1.5625ng/ul"	"Control"	174	136	142.5	308.5	331	148	202	161.5	105.5	201.5	172.5	172	162	233	84	180	121.5	114	159	228	273	136	216.5
17	44	3	"IgG488/594"	"Control"	524	453	404	694	765	472.5	613.5	498	322	480.5	436.5	462	458	525	277.5	545	333.5	348.5	525.5	582	578	428	529.5
17	44	4	"Anti-human IgG 6.25ng/ul"	"Control"	629.5	437.5	435.5	880.5	1207.5	490.5	643	535	368.5	531.5	494	535.5	482.5	684	272	601.5	395.5	343.5	546	743	636.5	376	648
17	44	5	"GST 10ng/ul"	"Control"	46	40.5	49	60	95	66.5	123	84.5	43	40.5	48.5	46	46	43.5	42	44	35	38	37	51	41	40	51
17	44	6	"Anti-human IgG 25ng/ul"	"Control"	2635.5	1974.5	1630	3494	4250.5	1782	2933	2171.5	1440.5	2142	1985.5	2392.5	2126	2635	1158	2381.5	1597.5	1490	2181.5	3580.5	3093	1637	2933.5
17	44	7	"GST 50ng/ul"	"Control"	44	31.5	39	49.5	57.5	33.5	40.5	43.5	45.5	31.5	40.5	41	39.5	37.5	33	40	34	34	35.5	45	40.5	34	40
17	44	8	"Anti-human IgG 100ng/ul"	"Control"	8948.5	6882.5	6425	14246.5	14822.5	6191	9944.5	7852.5	4845.5	7639	7986	8374	6986.5	9150.5	4060	9596	5651.5	5299	8217.5	12790.5	10509.5	6065.5	9792
17	44	9	"GST 100ng/ul"	"Control"	47.5	38	42	50	60	45	53	41	46	36	48	39	45	40.5	42	43.5	38	34.5	44.5	55	49	40.5	50
17	44	10	"hMDM2"	"Control"	243	38	42	96.5	92	40.5	82.5	68.5	117.5	35	56	43.5	109.5	55.5	56.5	99	45.5	44	211	117	126	111	95
17	44	11	"GST200n"	"Control"	59	42.5	40	59.5	70.5	39	49.5	39.5	55	36.5	51	38.5	60	48.5	38.5	47.5	41.5	41.5	64	64.5	63	43.5	51.5
17	44	12	"RanBP2deltaFG"	"Control"	115.5	86	52	422	106	46	261	62	76	759.5	554	107	68	210	49.5	50	66	48.5	114	67.5	102	51	53
17	44	13	"Mouse-anti-biotin"	"Control"	51	38.5	42	58	57.5	34.5	50.5	43.5	42	39.5	40.5	42.5	43	41	36	44	32.5	35.5	38.5	49.5	40	38	45
17	44	14	"human IgG 1.5625ng/ul"	"Control"	469	348	365	625	670	375	480.5	409	211	324	459.5	355.5	381.5	441.5	201.5	437.5	247.5	280.5	386	637.5	388	301.5	445.5
17	44	15	"Rabbit-anti-biotin"	"Control"	153.5	106	127.5	200	609	260	206	136	61.5	80	99	73	97.5	96.5	60	98	76	57.5	64	105	77.5	71	91.5
17	44	16	"human IgG 6.25ng/ul"	"Control"	1786.5	1091.5	1259	1994.5	2464.5	1179.5	1531	1480	752.5	1260.5	1229.5	1335.5	1263	1734.5	775.5	1357.5	993	838	1443	2090	1595.5	988.5	1707.5
17	44	17	"Biotin-BSA"	"Control"	41.5	38	44	52	187.5	56	67.5	118.5	43	42.5	37	39	40	44.5	34.5	38	37.5	32	39	45	43.5	32.5	48.5
17	44	18	"human IgG 25ng/ul"	"Control"	6250	4467	4319	7670	8788.5	4266.5	5854	5518	3050.5	5035	5179	5427	5135.5	5931	3147	5594.5	3778	3810	4857	7744	5715	4071.5	6802
17	44	19	"BSA"	"Control"	52.5	44.5	45.5	59.5	63.5	46	53	44	42.5	48.5	44	46	43	51	40	46	40	36.5	41	55	49	36.5	50.5
17	44	20	"human IgG 100ng/ul"	"Control"	20950	14260	14933	23546	25311	13899.5	16846.5	16916.5	9516.5	16194.5	13358	17846.5	15902	19413	10015.5	17218.5	11802.5	11774	15794.5	22445.5	21468	12751.5	19602.5
17	44	21	"Anti-human IgA"	"Control"	130	68.5	78.5	145	90.5	56	119	80	75.5	96.5	76.5	71.5	82.5	68.5	53.5	71	64.5	56.5	76	102.5	89.5	55.5	76.5
17	44	22	"Human IgM"	"Control"	937	496.5	576	882.5	1029.5	551.5	715.5	605	476.5	660.5	587.5	581	694	794.5	428.5	769.5	464	465	694	1046.5	804	495.5	873
17	44	23	"Mouse IgM"	"Control"	44.5	41.5	36	46.5	48	40	50	41.5	39	38.5	36	45	43	43	36	42.5	34.5	31.5	35	43.5	40	35	47.5
17	44	24	"Buffer"	"Control"	37.5	32.5	31.5	40.5	40.5	29.5	38	35.5	36	32	31	35.5	33.5	37	32	32.5	29.5	30	31	40	32	30	34.5
17	44	25	"H1"	"Control"	91	170	110.5	79.5	95	38.5	91.5	48.5	149.5	57.5	94.5	68.5	85	116	74.5	72	59	55.5	112	169	100	68	199.5
17	44	26	"Buffer"	"Control"	39	30	30	33	39.5	29.5	31	29.5	31	32	31.5	34.5	34	32	32.5	30.5	30	29.5	28.5	32.5	31	26.5	36
17	44	27	"H2(A+B)"	"Control"	40.5	30	42.5	43	45.5	33.5	36.5	29.5	38	35.5	34	39.5	33.5	40.5	38	36.5	32.5	33	38	41	38.5	30.5	50.5
17	44	28	"Buffer"	"Control"	35.5	29.5	30.5	37.5	36	30.5	28.5	29	36	31.5	34.5	38.5	33.5	34.5	31.5	30.5	29.5	31.5	28	39	30.5	27.5	30
17	44	29	"H3"	"Control"	46.5	34	56	43	53	31.5	58	39	101.5	55.5	87	45	59	65.5	53	51	44	54	94	144.5	102.5	59	158.5
17	44	30	"Buffer"	"Control"	35.5	32	31.5	36.5	38.5	28.5	30.5	30	40	31	33	36.5	32.5	31	34	31.5	29.5	32.5	28.5	39.5	29.5	28.5	34.5
17	44	31	"H4"	"Control"	57	37.5	69.5	53	67.5	38	90.5	257	103.5	52.5	117	59.5	64	87	68.5	62	68	52.5	86.5	164.5	92	64.5	178.5
17	44	32	"ERa"	"Control"	45.5	37.5	40.5	45	138.5	35.5	54	41	67	42	47	45.5	46.5	43.5	41	57.5	36	38.5	75.5	62.5	72	34	52.5
18	44	1	"Rhodamine+IgG647"	"Control"	14633	7619.5	7461.5	16456.5	17046	7898.5	10250	9639.5	5086.5	10766	8998	12230	9090	12662.5	4823	11560	6695	8148	9403.5	11835.5	9741.5	8478	11293
18	44	2	"Anti-human IgG 1.5625ng/ul"	"Control"	246	150	164.5	289.5	300	143	206	173	102.5	145	181	222	160	200.5	103.5	175.5	123	114	176	278.5	243	113	245
18	44	3	"IgG488/594"	"Control"	548.5	418	371.5	614	689.5	436.5	470.5	506.5	307	475.5	445	479	372	444.5	219	390.5	332	296	512	551	568	394.5	616
18	44	4	"Anti-human IgG 6.25ng/ul"	"Control"	844	407.5	582.5	1053.5	1154	571	717.5	704	346.5	562	576	724	620	656	329.5	602.5	455.5	398.5	632.5	950	747.5	465.5	837.5
18	44	5	"GST 10ng/ul"	"Control"	51	41	40.5	50.5	75.5	55.5	71.5	60.5	40	41	44.5	50	41.5	41.5	38	41.5	38.5	36	40	45	39	34	55
18	44	6	"Anti-human IgG 25ng/ul"	"Control"	3137.5	1983	2084	3865	3944.5	1860.5	2864.5	2421.5	1033.5	2105.5	2313.5	2654	2374.5	2709.5	1242	2654	1665.5	1641	2448	3563.5	3204.5	1678.5	3311.5
18	44	7	"GST 50ng/ul"	"Control"	47.5	32	37.5	43.5	75	34	39.5	42.5	37.5	37.5	42.5	38	42	45.5	33	39.5	33	29.5	40	44.5	41	35	40
18	44	8	"Anti-human IgG 100ng/ul"	"Control"	10082.5	6986	6968	12855.5	11990.5	6417.5	9894.5	8389.5	4772	7742	7326.5	9645.5	8485.5	8204.5	4624	9169.5	5907.5	5188	7955	13166	10600	6215.5	11012.5
18	44	9	"GST 100ng/ul"	"Control"	50	39.5	37.5	51.5	50.5	34.5	42.5	36.5	41	41	41	43	43.5	39	32	45	31.5	33.5	44.5	44	40	35	46.5
18	44	10	"hMDM2"	"Control"	227.5	39	43	98.5	76.5	37	66	63.5	96.5	41.5	50	46.5	114.5	65.5	59	110.5	47	37	190	127	103	120	93
18	44	11	"GST200n"	"Control"	67	41.5	47	51.5	62	38.5	43.5	45	49.5	40	50	45.5	52	49	40.5	53	38	40	57.5	59	51.5	40	54.5
18	44	12	"RanBP2deltaFG"	"Control"	118	79.5	46	378.5	93	48	243	51.5	74	723.5	510	109.5	55	205	43.5	50	62.5	40.5	104.5	50.5	95.5	44	56.5
18	44	13	"Mouse-anti-biotin"	"Control"	46	36.5	37.5	48.5	57.5	37.5	65.5	54	41	39	45.5	47	47.5	47.5	37	38.5	37	33.5	34.5	47.5	41	34.5	45
18	44	14	"human IgG 1.5625ng/ul"	"Control"	462	310.5	333	480	650.5	367.5	474.5	429.5	216.5	329	355	371	461.5	436	213.5	447	249.5	273	333.5	613.5	288	290	399.5
18	44	15	"Rabbit-anti-biotin"	"Control"	97	60	78	83	165.5	113.5	137.5	66	52.5	62.5	68	62.5	73.5	74	53.5	72.5	48.5	52	43	80.5	56.5	57	62
18	44	16	"human IgG 6.25ng/ul"	"Control"	1809.5	1101.5	1312	1850	2297.5	1125	1563.5	1513.5	671	1314.5	1361.5	1491	1399	1734	604.5	1441	964.5	892	1331	1874.5	1583.5	1024	1703.5
18	44	17	"Biotin-BSA"	"Control"	42.5	31.5	38	42	56	31	44.5	45.5	35	36.5	41.5	40	37	39.5	36.5	35.5	34.5	30.5	34	43.5	37.5	30.5	43
18	44	18	"human IgG 25ng/ul"	"Control"	6308.5	4380.5	4643.5	7293	7561	4154	6530	5365	2421	4627.5	4986.5	5641.5	5402.5	5676.5	2798.5	5638	3528	3549	4622	7168.5	5927	3430.5	5855.5
18	44	19	"BSA"	"Control"	53	42.5	44.5	51.5	74.5	38.5	56.5	50	42	56.5	52	48	44.5	41	39.5	48.5	36.5	37	40	50	44.5	35.5	60.5
18	44	20	"human IgG 100ng/ul"	"Control"	20170	13919.5	15480	21974	23335.5	13169	20519.5	16668	7935.5	16300	15491	17636	16192	18374.5	9102.5	16175.5	11989.5	10954	15343	22392.5	19629	12954.5	20367
18	44	21	"Anti-human IgA"	"Control"	86.5	52.5	65.5	107.5	66	45.5	101.5	50	60.5	65.5	59.5	60	76.5	58	43.5	56.5	47.5	43	56	59.5	61.5	50.5	63.5
18	44	22	"Human IgM"	"Control"	778.5	522	499.5	791.5	987.5	484	722	626.5	376	601.5	657	662.5	750	735	360	620.5	407.5	459	611	881.5	788	543.5	820.5
18	44	23	"Mouse IgM"	"Control"	58.5	47	47.5	56	60	43.5	65	48	43.5	47.5	53	54.5	46	56	40	53	41.5	42.5	44	64	51.5	47	56.5
18	44	24	"Buffer"	"Control"	37	30.5	30.5	34.5	39	29.5	34	33	35.5	30.5	37.5	39	32.5	34	31	28.5	29.5	29	28.5	34	30	30.5	40
18	44	25	"H1"	"Control"	67	182.5	93	62	75.5	41	83.5	50.5	90	59.5	93	49	73.5	98	63	47	43	44	92	115.5	77.5	66.5	165.5
18	44	26	"Buffer"	"Control"	34.5	35.5	32	38	42	33	41.5	32.5	29	36.5	40.5	37.5	36.5	38.5	37.5	34	31	31	31	38	34	31	41.5
18	44	27	"H2(A+B)"	"Control"	57	43.5	47	58.5	62.5	41	64.5	41.5	56	44.5	51.5	50	47.5	50.5	52.5	52	41.5	39	39.5	61	48.5	40	75.5
18	44	28	"Buffer"	"Control"	33	31.5	31.5	32.5	37	30.5	41	32.5	33.5	34.5	38.5	34	36	30.5	32.5	31	27.5	30	27.5	34.5	31.5	27.5	39.5
18	44	29	"H3"	"Control"	48	40.5	82.5	44.5	66.5	34.5	66	36	80.5	47.5	85	47	46.5	66	52.5	49	57.5	41.5	88	96	87	54.5	144.5
18	44	30	"Buffer"	"Control"	35.5	31.5	31	35.5	37.5	29.5	35	29.5	34.5	31.5	36.5	33.5	32	31.5	33	32	29	29.5	29.5	35	31.5	28.5	34
18	44	31	"H4"	"Control"	62.5	36.5	80.5	54	69	34.5	71	276	108.5	66	115	53.5	71.5	76	77	54	69	44	90	144.5	95	69	171.5
18	44	32	"ERa"	"Control"	48.5	36	44.5	48	130.5	36.5	56.5	42.5	64	53	42.5	45	56.5	40.5	35.5	61	34.5	35	74	42.5	48	38	53.5
19	44	1	"Rhodamine+IgG647"	"Control"	13415.5	8622	7799	15153	16638	8274	11988.5	10822	4895	12246.5	11375.5	12126	12224	14106.5	5461	11695	7960.5	6699	8780.5	14296	10625.5	9980.5	12221.5
19	44	2	"Anti-human IgG 1.5625ng/ul"	"Control"	235.5	121	139.5	259.5	297	121	207	172	101.5	134.5	162	197	208.5	202.5	89.5	165	125	109	162	284	190.5	91.5	227.5
19	44	3	"IgG488/594"	"Control"	610	485	481	647	833	392.5	664.5	598	351	458.5	483	501.5	500.5	584	279.5	443.5	412	327	588.5	626.5	642.5	456	641
19	44	4	"Anti-human IgG 6.25ng/ul"	"Control"	774	566	598	991.5	1110.5	610	844.5	878.5	343	633	679.5	756	744	735	358	666	485	435.5	616	945.5	777	457.5	834
19	44	5	"GST 10ng/ul"	"Control"	73	63	60.5	88.5	115.5	67.5	80	73.5	53	70.5	76	79	74.5	79.5	54.5	67.5	55	53.5	64	104	68.5	60.5	87
19	44	6	"Anti-human IgG 25ng/ul"	"Control"	2418	1807	1951	2859.5	3176.5	1682	2723	2355	1072.5	1819	2376	2345.5	2452.5	2362.5	1176.5	2200	1499.5	1306.5	1796	3333	2461.5	1480.5	2626
19	44	7	"GST 50ng/ul"	"Control"	45	39.5	39.5	40.5	60	34.5	43.5	41.5	37	41	38	37	46.5	42.5	34	43	31.5	33	40.5	48.5	40.5	33.5	42
19	44	8	"Anti-human IgG 100ng/ul"	"Control"	9446.5	7319.5	7121	11461	13103.5	6328.5	10221	9079	4008	7979.5	8859	8075.5	9203.5	8860.5	4146.5	9605.5	6092.5	5817.5	7823.5	12772	10346	6201.5	10274
19	44	9	"GST 100ng/ul"	"Control"	52	42.5	43	42	51	36	48.5	42.5	37.5	37	46	43.5	45	39.5	37.5	42	31.5	34	36.5	41	45.5	39	49.5
19	44	10	"hMDM2"	"Control"	223.5	42.5	45.5	75.5	90	38	66	61	78	44	62	55	150	56	57.5	147	43	42.5	225.5	136	100.5	127	102.5
19	44	11	"GST200n"	"Control"	47.5	39	40	47.5	71.5	34	46.5	46.5	53.5	45.5	54.5	48.5	56	48.5	40.5	51	40.5	36.5	57	56.5	57.5	45.5	45.5
19	44	12	"RanBP2deltaFG"	"Control"	101.5	70.5	49.5	366.5	99	41.5	257	59.5	69.5	804.5	428.5	95	66	182.5	40	54.5	51.5	41.5	108	51	98.5	52.5	47.5
19	44	13	"Mouse-anti-biotin"	"Control"	46	39.5	39.5	49.5	53.5	33	44	46	40.5	42.5	44.5	44.5	48.5	44.5	38.5	39	36	34	37	50.5	41	38	42
19	44	14	"human IgG 1.5625ng/ul"	"Control"	435.5	312.5	352.5	498.5	630	355.5	498	436	194.5	353	409	371	470.5	421	224	387	276.5	292	311	589.5	420	321	420
19	44	15	"Rabbit-anti-biotin"	"Control"	161.5	116	139	157.5	318.5	166.5	179	147.5	65	131.5	112.5	113	123.5	163.5	69	130.5	78	67.5	64	131	89	90.5	139.5
19	44	16	"human IgG 6.25ng/ul"	"Control"	1559.5	1019	1295.5	1703.5	2394.5	1098.5	1460.5	1562.5	635.5	1386	1405	1447	1421	1708.5	601	1470	1024	930	1273	1971	1580	1071.5	1748.5
19	44	17	"Biotin-BSA"	"Control"	43	42	44	44.5	73.5	38	68.5	55	38.5	38.5	43	47	46	45.5	40.5	40.5	33.5	37.5	40	47	39	40	53
19	44	18	"human IgG 25ng/ul"	"Control"	5388.5	3617.5	4441	5700.5	7508	3940.5	6262	5464.5	2487.5	4916.5	5094.5	5310	5336.5	5799	2745.5	5444	3398	3639	4583	7155.5	5418.5	3857	6379.5
19	44	19	"BSA"	"Control"	51	45.5	51	54.5	64	39.5	53	48.5	39	57	41.5	53.5	50.5	49.5	43	43.5	40.5	39	50	48.5	49.5	37.5	59
19	44	20	"human IgG 100ng/ul"	"Control"	18975	12454.5	15721	20107	24813	13768	20275	17950.5	9192.5	17157	17989	18472.5	18400.5	19370.5	9348.5	17893	11927.5	11886	15091	22185	18305.5	13494	21886.5
19	44	21	"Anti-human IgA"	"Control"	95.5	61	81	103.5	79.5	52	100.5	65.5	70.5	80.5	79	73	76	70	50	63	55.5	50	56.5	72.5	71	60	79.5
19	44	22	"Human IgM"	"Control"	616.5	542.5	534.5	680.5	923.5	531.5	820.5	677	406	791.5	658.5	641.5	772	742	379.5	702	468.5	457.5	627.5	822	792	580	822
19	44	23	"Mouse IgM"	"Control"	36	33	32	40	34	30.5	53.5	32	37.5	39	31.5	39	35.5	39	33.5	31.5	28.5	28.5	28.5	32	34	29.5	39.5
19	44	24	"Buffer"	"Control"	34.5	31	30.5	39.5	39	30.5	41	32	39	37.5	37.5	38	34	35.5	32	31.5	28	29.5	30	37	30	28.5	44
19	44	25	"H1"	"Control"	45.5	120.5	81.5	53	57	38	64.5	39	87	49	92.5	51	71	76.5	54	51	45	51	65.5	121	59	59	145.5
19	44	26	"Buffer"	"Control"	34	35	35.5	45.5	41.5	30.5	39	33.5	33	37	41.5	41.5	40	42	34.5	32	31.5	34	30.5	40	40	33.5	48
19	44	27	"H2(A+B)"	"Control"	39	31	47	41.5	46.5	30	47.5	32.5	40.5	36.5	46	39	36	41	46	37	32.5	32.5	32	45.5	36	36	61
19	44	28	"Buffer"	"Control"	34	30	33	35	34.5	29	37	34.5	34.5	33.5	34.5	35.5	38	38	37.5	30.5	30.5	32	31	35.5	32	31	39.5
19	44	29	"H3"	"Control"	64.5	46	94	65	85	50	99	61	114.5	68	98.5	79.5	94	101.5	76	70.5	66	60	109	106.5	110	99.5	163.5
19	44	30	"Buffer"	"Control"	49	49.5	55	49.5	74	42	61	57.5	52.5	53.5	58	51	59.5	66	46	51	51	43.5	55.5	80.5	58	73.5	71
19	44	31	"H4"	"Control"	50.5	40	93.5	50.5	61.5	34	76	287.5	106	57.5	148	56.5	71	91.5	64	57	75	43	81.5	155.5	96.5	86.5	182
19	44	32	"ERa"	"Control"	48	47.5	42.5	42	209.5	37	64.5	41	65.5	45.5	54	48	44	48	39.5	57.5	36	38.5	57.5	48.5	58	115.5	50.5
20	44	1	"Rhodamine+IgG647"	"Control"	11466	8819	9244	11543.5	14675.5	7537	10582	11623.5	5460.5	12789	10821	11024	11531	13643.5	4988	11638.5	7668	6731	8792	13904.5	10396.5	10032.5	11873
20	44	2	"Anti-human IgG 1.5625ng/ul"	"Control"	161	119.5	156.5	208	269	129.5	220.5	175.5	90.5	156	185.5	151.5	212	209	78	201.5	122.5	132.5	153	242	203	104.5	230.5
20	44	3	"IgG488/594"	"Control"	576.5	498.5	539.5	657.5	758	369	709.5	624	370.5	527.5	543	568.5	647	621	277	654	420	359	510	689.5	634	513.5	702
20	44	4	"Anti-human IgG 6.25ng/ul"	"Control"	1466.5	1130.5	1354.5	1797	1893	1024	1848	1629	888.5	1483	1667	1293	1762.5	1648.5	677	1782	906	844	1247.5	2065.5	1596	1041	1856.5
20	44	5	"GST 10ng/ul"	"Control"	43.5	38.5	37	45	43.5	34	114.5	43	44	37	42	40	49.5	37.5	39.5	46.5	32.5	33.5	33.5	50	40	40	47.5
20	44	6	"Anti-human IgG 25ng/ul"	"Control"	2355	1990	2359.5	2839	3632	1956.5	3488.5	2921.5	1319.5	2501.5	2713.5	2716.5	2833.5	2804	1182.5	3044	1710.5	1689	2199	2755	2550.5	1895	3242
20	44	7	"GST 50ng/ul"	"Control"	40	38	37	38.5	46.5	33	44	38.5	42	41	46	44.5	48	44.5	38.5	39.5	34	29.5	39.5	41.5	37	31	46.5
20	44	8	"Anti-human IgG 100ng/ul"	"Control"	8499	6633.5	7212	10668	11652	6337.5	11160	9854.5	5286.5	8539.5	8592.5	7819.5	9409.5	9517	4582.5	9999.5	5835	5646	7101	11249	10085	6497.5	10865
20	44	9	"GST 100ng/ul"	"Control"	42	42	43.5	38	53	37.5	45.5	48	46	41	52	47	50	47	39	46.5	38.5	37.5	47.5	48	43.5	40.5	56.5
20	44	10	"hMDM2"	"Control"	198.5	47.5	40.5	71	76.5	41.5	64.5	73	115	41	66	50	110.5	58	52	129	49	43.5	212	101	101	131	101
20	44	11	"GST200n"	"Control"	40	43.5	35.5	45.5	40.5	36.5	49.5	34.5	54	36.5	53	35	56.5	36	39.5	50	32	41	28	50	36.5	49.5	38
20	44	12	"RanBP2deltaFG"	"Control"	95.5	70.5	51.5	316	82.5	43.5	277	57	71	733	568	116	64.5	175.5	45.5	48	54.5	41	101	52.5	92	52	57
20	44	13	"Mouse-anti-biotin"	"Control"	43.5	39.5	42.5	48	47	38	49	43	38	39.5	43	43	45	44.5	35	41.5	36.5	37.5	34.5	46	40.5	36.5	53
20	44	14	"human IgG 1.5625ng/ul"	"Control"	398	290	338	415.5	568.5	345.5	552.5	439.5	203	402	458.5	394.5	391.5	404	226	438.5	271.5	280.5	329.5	542	442.5	349.5	440
20	44	15	"Rabbit-anti-biotin"	"Control"	73	71.5	64.5	69	125	63	117.5	99	56	71	76	75	68	79.5	49.5	68.5	52.5	43	50	83	64.5	58.5	88
20	44	16	"human IgG 6.25ng/ul"	"Control"	1419	1107	1243.5	1562	2203.5	1103	1889	1722.5	789.5	1513.5	1474	1583.5	1615	1349	755.5	1471	1056	923.5	1327	1964	1406	1109	1955.5
20	44	17	"Biotin-BSA"	"Control"	37.5	39	36	42	57.5	45.5	44.5	47	35	41	41.5	41.5	42	34.5	33	36	36	32.5	31	40	36	30.5	41.5
20	44	18	"human IgG 25ng/ul"	"Control"	5399	4449	4722	6041	7695.5	4403	6512	6362	2792.5	5858.5	6206	6114	6757.5	6339	2774.5	6681	4024.5	3627.5	5015.5	7794.5	5760.5	4199.5	6915.5
20	44	19	"BSA"	"Control"	42	43.5	44	56	56.5	60.5	60	49	37	47.5	51	51.5	54	49.5	34.5	47.5	47	37	40.5	51	45.5	39	57.5
20	44	20	"human IgG 100ng/ul"	"Control"	17287	13684	16032.5	18196.5	24690	14284.5	23825.5	20361	9211.5	20268	17806.5	19719	21407	20411	9656.5	21347	12513.5	11927	15759.5	24144.5	15339.5	13866	21015.5
20	44	21	"Anti-human IgA"	"Control"	100.5	70.5	81	108.5	82.5	57.5	178	89.5	71	88	100	87	119	83	50	72	64	58.5	62	88	75.5	62	91
20	44	22	"Human IgM"	"Control"	664.5	597.5	563	703	1004.5	553.5	996	845.5	425	752	833.5	812.5	886.5	803.5	429.5	829	460	416	658.5	780	771	637.5	1038.5
20	44	23	"Mouse IgM"	"Control"	35.5	34	32	35.5	35	33.5	52.5	33.5	38	32.5	37.5	39	38.5	36.5	32	37	31.5	30	29	39	35.5	28.5	40
20	44	24	"Buffer"	"Control"	34	31	31.5	34	36.5	31	37.5	35	36	38	37.5	34	40	39.5	36.5	33	29	29	28	35	34	29.5	43
20	44	25	"H1"	"Control"	56	120.5	72	58	65.5	36.5	87	47	77.5	59	100.5	42	71.5	91	60	42.5	57	55	75.5	104.5	78.5	56.5	149
20	44	26	"Buffer"	"Control"	32.5	32	32	33.5	35	29.5	37.5	37	34	40.5	40	40.5	37.5	34	32.5	36.5	29	33	30.5	36	32	30.5	40.5
20	44	27	"H2(A+B)"	"Control"	44	38	47	40	45	34.5	52	39.5	44.5	44.5	42.5	43.5	44.5	44	35	40.5	37	34.5	36.5	46	43	37.5	70
20	44	28	"Buffer"	"Control"	32.5	36.5	34.5	33.5	34.5	32.5	43	33.5	37.5	38.5	39.5	37.5	33.5	40.5	36	32.5	30.5	30.5	32.5	34.5	31	31	44
20	44	29	"H3"	"Control"	56	40.5	98	45	52	39.5	102.5	45.5	111.5	57	104.5	55	79.5	80	59.5	67.5	66.5	48	97.5	104.5	127.5	72	216
20	44	30	"Buffer"	"Control"	35	37	38.5	33	38.5	31	43	33	39	42	40.5	33.5	44.5	41.5	37.5	43	30.5	32.5	32	36.5	37	31.5	41
20	44	31	"H4"	"Control"	49	42	77.5	42.5	59.5	40.5	95.5	317.5	112	73	156	52	81	79	82.5	69.5	66.5	50.5	103	140	110	80	198
20	44	32	"ERa"	"Control"	49	77	87.5	68.5	244.5	49.5	106.5	75	105.5	68	112.5	88	104	86.5	56.5	103.5	64	55	134.5	96.5	113	65	123
